flight_id,airline_code,route_id,date_key,departure_time,arrival_time,dep_hour,duration_minutes,expected_duration,delay_minutes,is_delayed,is_early,is_severe_delay,is_overnight,is_duration_outlier,is_anomaly,anomaly_reason
SJ010,SJ,15,20260420,2026-04-20 23:38:41.701,2026-04-21 02:32:41.701,23,174,165,9,False,False,False,True,False,True,overnight
AI155,AI,7,20260420,2026-04-20 23:35:41.703,2026-04-21 01:23:41.703,23,108,170,-62,False,True,False,True,False,True,overnight
UK094,UK,7,20260420,2026-04-20 23:26:41.702,2026-04-21 01:11:41.702,23,105,170,-65,False,True,False,True,False,True,overnight
AI245,AI,7,20260420,2026-04-20 23:07:41.704,2026-04-21 01:43:41.704,23,156,170,-14,False,False,False,True,False,True,overnight
AI192,AI,27,20260420,2026-04-20 23:05:41.703,2026-04-21 04:04:41.703,23,299,173,126,True,False,True,True,True,True,severe_delay;overnight;duration_outlier
SJ158,SJ,19,20260420,2026-04-20 23:05:41.703,2026-04-21 01:24:41.703,23,139,177,-38,False,True,False,True,False,True,overnight
6F196,6F,15,20260420,2026-04-20 23:04:41.703,2026-04-21 00:47:41.703,23,103,165,-62,False,True,False,True,False,True,overnight
AI080,AI,9,20260420,2026-04-20 23:03:41.702,2026-04-21 00:35:41.702,23,92,208,-116,False,True,False,True,False,True,overnight
6F025,6F,1,20260420,2026-04-20 23:02:41.701,2026-04-20 23:57:41.701,23,55,140,-85,False,True,False,False,False,False,
6F251,6F,16,20260420,2026-04-20 22:56:41.703,2026-04-20 23:37:41.703,22,41,191,-150,False,True,False,False,False,False,
AI137,AI,8,20260420,2026-04-20 22:49:41.702,2026-04-21 01:17:41.702,22,148,157,-9,False,False,False,True,False,True,overnight
6F026,6F,7,20260420,2026-04-20 22:46:42.000,2026-04-21 03:13:42.000,22,267,170,97,True,False,True,True,False,True,severe_delay;overnight
UK167,UK,20,20260420,2026-04-20 22:45:41.703,2026-04-21 01:46:41.703,22,181,184,-3,False,False,False,True,False,True,overnight
UK027,UK,7,20260420,2026-04-20 22:44:41.701,2026-04-21 01:05:41.701,22,141,170,-29,False,False,False,True,False,True,overnight
AI069,AI,17,20260420,2026-04-20 22:43:41.702,2026-04-21 02:29:41.702,22,226,176,50,True,False,False,True,False,True,overnight
AI058,AI,7,20260420,2026-04-20 22:40:41.701,2026-04-21 00:18:41.701,22,98,170,-72,False,True,False,True,False,True,overnight
AI140,AI,8,20260420,2026-04-20 22:25:41.702,2026-04-21 02:08:41.702,22,223,157,66,True,False,False,True,False,True,overnight
SJ239,SJ,7,20260420,2026-04-20 22:24:41.704,2026-04-21 00:10:41.704,22,106,170,-64,False,True,False,True,False,True,overnight
6F099,6F,29,20260420,2026-04-20 22:24:41.702,2026-04-20 22:59:41.702,22,35,176,-141,False,True,False,False,False,False,
AI048,AI,13,20260420,2026-04-20 22:23:41.701,2026-04-21 02:15:41.701,22,232,140,92,True,False,True,True,False,True,severe_delay;overnight
SJ112,SJ,24,20260420,2026-04-20 22:20:41.702,2026-04-21 00:40:41.702,22,140,196,-56,False,True,False,True,False,True,overnight
6F164,6F,1,20260420,2026-04-20 22:18:41.703,2026-04-21 00:45:41.703,22,147,140,7,False,False,False,True,False,True,overnight
UK021,UK,25,20260420,2026-04-20 22:00:41.701,2026-04-20 23:50:41.701,22,110,141,-31,False,True,False,False,False,False,
SJ172,SJ,13,20260420,2026-04-20 21:58:41.703,2026-04-21 01:14:41.703,21,196,140,56,True,False,False,True,False,True,overnight
AI060,AI,19,20260420,2026-04-20 21:58:41.701,2026-04-20 23:51:41.701,21,113,177,-64,False,True,False,False,False,False,
SJ205,SJ,23,20260420,2026-04-20 21:56:41.703,2026-04-20 23:00:41.703,21,64,177,-113,False,True,False,False,False,False,
SJ093,SJ,1,20260420,2026-04-20 21:55:41.702,2026-04-20 23:01:41.702,21,66,140,-74,False,True,False,False,False,False,
6F195,6F,13,20260420,2026-04-20 21:44:41.703,2026-04-20 22:39:41.703,21,55,140,-85,False,True,False,False,False,False,
UK003,UK,24,20260420,2026-04-20 21:41:41.700,2026-04-21 02:19:41.700,21,278,196,82,True,False,False,True,False,True,overnight
UK026,UK,25,20260420,2026-04-20 21:38:41.701,2026-04-20 23:44:41.701,21,126,141,-15,False,False,False,False,False,False,
6F174,6F,19,20260420,2026-04-20 21:36:41.703,2026-04-20 22:16:41.703,21,40,177,-137,False,True,False,False,False,False,
UK067,UK,7,20260420,2026-04-20 21:36:41.701,2026-04-21 01:02:41.701,21,206,170,36,True,False,False,True,False,True,overnight
SJ149,SJ,25,20260420,2026-04-20 21:20:41.702,2026-04-20 23:20:42.000,21,120,141,-21,False,False,False,False,False,False,
6F213,6F,1,20260420,2026-04-20 21:05:41.703,2026-04-21 00:32:41.703,21,207,140,67,True,False,False,True,False,True,overnight
UK200,UK,13,20260420,2026-04-20 20:54:41.703,2026-04-20 22:45:41.703,20,111,140,-29,False,False,False,False,False,False,
SJ214,SJ,10,20260420,2026-04-20 20:54:41.703,2026-04-20 22:10:41.703,20,76,180,-104,False,True,False,False,False,False,
SJ047,SJ,22,20260420,2026-04-20 20:44:41.701,2026-04-20 21:21:41.701,20,37,150,-113,False,True,False,False,False,False,
AI179,AI,22,20260420,2026-04-20 20:41:41.703,2026-04-21 01:19:41.703,20,278,150,128,True,False,True,True,False,True,severe_delay;overnight
SJ153,SJ,18,20260420,2026-04-20 20:37:41.702,2026-04-20 22:00:41.702,20,83,144,-61,False,True,False,False,False,False,
6F236,6F,8,20260420,2026-04-20 20:35:41.704,2026-04-20 23:54:41.704,20,199,157,42,True,False,False,False,False,False,
UK059,UK,25,20260420,2026-04-20 20:33:41.701,2026-04-20 22:10:41.701,20,97,141,-44,False,True,False,False,False,False,
SJ001,SJ,10,20260420,2026-04-20 20:28:41.700,2026-04-21 01:15:41.700,20,287,180,107,True,False,True,True,False,True,severe_delay;overnight
SJ049,SJ,13,20260420,2026-04-20 20:26:41.701,2026-04-21 00:26:41.701,20,240,140,100,True,False,True,True,False,True,severe_delay;overnight
6F086,6F,30,20260420,2026-04-20 20:23:41.702,2026-04-20 21:00:41.702,20,37,164,-127,False,True,False,False,False,False,
AI220,AI,8,20260420,2026-04-20 20:19:41.703,2026-04-20 21:57:41.703,20,98,157,-59,False,True,False,False,False,False,
AI188,AI,14,20260420,2026-04-20 20:16:41.703,2026-04-20 23:02:41.703,20,166,150,16,False,False,False,False,False,False,
6F114,6F,10,20260420,2026-04-20 20:10:41.702,2026-04-20 21:00:41.702,20,50,180,-130,False,True,False,False,False,False,
SJ179,SJ,19,20260420,2026-04-20 20:09:41.703,2026-04-20 23:39:41.703,20,210,177,33,True,False,False,False,False,False,
6F190,6F,20,20260420,2026-04-20 20:02:41.703,2026-04-21 00:36:41.703,20,274,184,90,True,False,False,True,False,True,overnight
SJ003,SJ,28,20260420,2026-04-20 19:50:41.701,2026-04-20 20:32:41.701,19,42,132,-90,False,True,False,False,False,False,
6F028,6F,23,20260420,2026-04-20 19:49:41.701,2026-04-20 21:49:41.701,19,120,177,-57,False,True,False,False,False,False,
UK036,UK,11,20260420,2026-04-20 19:48:41.701,2026-04-21 00:12:41.701,19,264,167,97,True,False,True,True,False,True,severe_delay;overnight
SJ160,SJ,26,20260420,2026-04-20 19:45:41.703,2026-04-20 20:30:41.703,19,45,177,-132,False,True,False,False,False,False,
6F151,6F,14,20260420,2026-04-20 19:44:41.703,2026-04-20 22:04:41.703,19,140,150,-10,False,False,False,False,False,False,
UK140,UK,26,20260420,2026-04-20 19:37:41.703,2026-04-20 21:00:41.703,19,83,177,-94,False,True,False,False,False,False,
AI115,AI,26,20260420,2026-04-20 19:37:41.702,2026-04-21 00:26:41.702,19,289,177,112,True,False,True,True,False,True,severe_delay;overnight
AI132,AI,1,20260420,2026-04-20 19:32:41.702,2026-04-20 21:41:41.702,19,129,140,-11,False,False,False,False,False,False,
UK209,UK,26,20260420,2026-04-20 19:02:41.704,2026-04-20 21:47:41.704,19,165,177,-12,False,False,False,False,False,False,
SJ043,SJ,29,20260420,2026-04-20 18:59:41.701,2026-04-20 21:08:41.701,18,129,176,-47,False,True,False,False,False,False,
UK176,UK,21,20260420,2026-04-20 18:41:41.703,2026-04-20 22:49:41.703,18,248,136,112,True,False,True,False,False,True,severe_delay
UK216,UK,30,20260420,2026-04-20 18:33:41.704,2026-04-20 21:47:41.704,18,194,164,30,False,False,False,False,False,False,
UK150,UK,18,20260420,2026-04-20 18:31:41.703,2026-04-20 19:01:41.703,18,30,144,-114,False,True,False,False,True,True,duration_outlier
UK145,UK,9,20260420,2026-04-20 18:30:41.703,2026-04-20 20:41:41.703,18,131,208,-77,False,True,False,False,False,False,
6F270,6F,25,20260420,2026-04-20 18:14:41.701,2026-04-20 19:02:41.701,18,48,141,-93,False,True,False,False,False,False,
6F012,6F,14,20260420,2026-04-20 18:06:41.701,2026-04-20 21:31:41.701,18,205,150,55,True,False,False,False,False,False,
SJ236,SJ,27,20260420,2026-04-20 18:03:41.704,2026-04-20 22:02:41.704,18,239,173,66,True,False,False,False,False,False,
6F149,6F,2,20260420,2026-04-20 17:57:41.703,2026-04-20 20:42:41.703,17,165,97,68,True,False,False,False,False,False,
UK004,UK,7,20260420,2026-04-20 17:56:41.700,2026-04-20 18:30:41.700,17,34,170,-136,False,True,False,False,True,True,duration_outlier
UK010,UK,30,20260420,2026-04-20 17:53:41.701,2026-04-20 20:40:41.701,17,167,164,3,False,False,False,False,False,False,
UK215,UK,8,20260420,2026-04-20 17:38:41.704,2026-04-20 19:50:41.704,17,132,157,-25,False,False,False,False,False,False,
SJ116,SJ,23,20260420,2026-04-20 17:33:41.702,2026-04-20 19:02:41.702,17,89,177,-88,False,True,False,False,False,False,
SJ023,SJ,25,20260420,2026-04-20 17:27:41.701,2026-04-20 19:09:41.701,17,102,141,-39,False,True,False,False,False,False,
UK152,UK,7,20260420,2026-04-20 17:24:41.703,2026-04-20 20:13:41.703,17,169,170,-1,False,False,False,False,False,False,
SJ202,SJ,14,20260420,2026-04-20 17:21:41.703,2026-04-20 19:08:41.703,17,107,150,-43,False,True,False,False,False,False,
6F043,6F,9,20260420,2026-04-20 17:17:41.701,2026-04-20 18:43:41.701,17,86,208,-122,False,True,False,False,False,False,
UK173,UK,26,20260420,2026-04-20 17:06:41.703,2026-04-20 21:22:41.703,17,256,177,79,True,False,False,False,False,False,
SJ081,SJ,6,20260420,2026-04-20 17:04:41.702,2026-04-20 18:53:41.702,17,109,170,-61,False,True,False,False,False,False,
UK153,UK,14,20260420,2026-04-20 16:52:41.703,2026-04-20 20:53:41.703,16,241,150,91,True,False,True,False,False,True,severe_delay
UK187,UK,1,20260420,2026-04-20 16:52:41.703,2026-04-20 18:42:41.703,16,110,140,-30,False,False,False,False,False,False,
UK055,UK,24,20260420,2026-04-20 16:48:41.701,2026-04-20 19:31:41.701,16,163,196,-33,False,True,False,False,False,False,
UK181,UK,29,20260420,2026-04-20 16:44:41.703,2026-04-20 19:26:41.703,16,162,176,-14,False,False,False,False,False,False,
UK074,UK,8,20260420,2026-04-20 16:44:41.702,2026-04-20 18:41:41.702,16,117,157,-40,False,True,False,False,False,False,
SJ068,SJ,1,20260420,2026-04-20 16:44:41.701,2026-04-20 18:48:41.701,16,124,140,-16,False,False,False,False,False,False,
AI242,AI,2,20260420,2026-04-20 16:41:41.704,2026-04-20 17:43:41.704,16,62,97,-35,False,True,False,False,False,False,
SJ237,SJ,7,20260420,2026-04-20 16:32:41.704,2026-04-20 19:00:41.704,16,148,170,-22,False,False,False,False,False,False,
6F194,6F,7,20260420,2026-04-20 16:29:41.703,2026-04-20 18:27:41.703,16,118,170,-52,False,True,False,False,False,False,
UK063,UK,17,20260420,2026-04-20 16:29:41.701,2026-04-20 17:41:41.701,16,72,176,-104,False,True,False,False,False,False,
UK068,UK,5,20260420,2026-04-20 16:28:41.701,2026-04-20 18:09:41.701,16,101,219,-118,False,True,False,False,False,False,
UK224,UK,15,20260420,2026-04-20 16:25:41.704,2026-04-20 20:24:41.704,16,239,165,74,True,False,False,False,False,False,
UK077,UK,22,20260420,2026-04-20 16:22:41.702,2026-04-20 18:00:41.702,16,98,150,-52,False,True,False,False,False,False,
UK207,UK,28,20260420,2026-04-20 16:21:41.703,2026-04-20 17:36:41.703,16,75,132,-57,False,True,False,False,False,False,
AI221,AI,30,20260420,2026-04-20 16:18:41.703,2026-04-20 18:54:41.703,16,156,164,-8,False,False,False,False,False,False,
UK109,UK,1,20260420,2026-04-20 16:06:41.702,2026-04-20 17:06:42.000,16,60,140,-80,False,True,False,False,False,False,
UK089,UK,9,20260420,2026-04-20 15:38:41.702,2026-04-20 19:50:41.702,15,252,208,44,True,False,False,False,False,False,
AI072,AI,2,20260420,2026-04-20 15:34:41.702,2026-04-20 16:32:41.702,15,58,97,-39,False,True,False,False,False,False,
UK131,UK,8,20260420,2026-04-20 15:33:41.702,2026-04-20 19:39:41.702,15,246,157,89,True,False,False,False,False,False,
SJ150,SJ,9,20260420,2026-04-20 15:33:41.702,2026-04-20 19:03:41.702,15,210,208,2,False,False,False,False,False,False,
6F097,6F,1,20260420,2026-04-20 15:32:41.702,2026-04-20 16:49:41.702,15,77,140,-63,False,True,False,False,False,False,
6F123,6F,19,20260420,2026-04-20 15:26:41.702,2026-04-20 17:12:41.702,15,106,177,-71,False,True,False,False,False,False,
6F017,6F,12,20260420,2026-04-20 15:25:41.701,2026-04-20 18:06:41.701,15,161,174,-13,False,False,False,False,False,False,
6F245,6F,12,20260420,2026-04-20 15:25:41.701,2026-04-20 18:06:41.701,15,161,174,-13,False,False,False,False,False,False,
6F180,6F,26,20260420,2026-04-20 15:24:41.703,2026-04-20 19:48:41.703,15,264,177,87,True,False,False,False,False,False,
6F152,6F,13,20260420,2026-04-20 15:21:41.703,2026-04-20 17:25:41.703,15,124,140,-16,False,False,False,False,False,False,
SJ034,SJ,27,20260420,2026-04-20 15:20:41.701,2026-04-20 20:11:41.701,15,291,173,118,True,False,True,False,False,True,severe_delay
SJ142,SJ,12,20260420,2026-04-20 15:14:41.702,2026-04-20 16:56:41.702,15,102,174,-72,False,True,False,False,False,False,
UK189,UK,5,20260420,2026-04-20 15:07:41.703,2026-04-20 18:51:41.703,15,224,219,5,False,False,False,False,False,False,
SJ044,SJ,18,20260420,2026-04-20 15:06:41.701,2026-04-20 17:43:41.701,15,157,144,13,False,False,False,False,False,False,
SJ196,SJ,19,20260420,2026-04-20 14:58:41.703,2026-04-20 17:44:41.703,14,166,177,-11,False,False,False,False,False,False,
6F188,6F,19,20260420,2026-04-20 14:57:41.703,2026-04-20 19:39:41.703,14,282,177,105,True,False,True,False,False,True,severe_delay
6F181,6F,10,20260420,2026-04-20 14:55:41.703,2026-04-20 16:43:41.703,14,108,180,-72,False,True,False,False,False,False,
6F077,6F,13,20260420,2026-04-20 14:55:41.702,2026-04-20 19:13:41.702,14,258,140,118,True,False,True,False,False,True,severe_delay
SJ154,SJ,4,20260420,2026-04-20 14:47:41.702,2026-04-20 16:26:41.702,14,99,167,-68,False,True,False,False,False,False,
AI025,AI,24,20260420,2026-04-20 14:46:41.701,2026-04-20 17:11:41.701,14,145,196,-51,False,True,False,False,False,False,
AI094,AI,16,20260420,2026-04-20 14:44:41.702,2026-04-20 15:44:42.000,14,60,191,-131,False,True,False,False,False,False,
6F191,6F,3,20260420,2026-04-20 14:41:41.703,2026-04-20 15:11:41.703,14,30,125,-95,False,True,False,False,True,True,duration_outlier
SJ085,SJ,5,20260420,2026-04-20 14:41:41.702,2026-04-20 19:11:41.702,14,270,219,51,True,False,False,False,False,False,
6F261,6F,13,20260420,2026-04-20 14:31:41.703,2026-04-20 17:29:41.703,14,178,140,38,True,False,False,False,False,False,
6F129,6F,18,20260420,2026-04-20 14:28:41.702,2026-04-20 16:47:41.702,14,139,144,-5,False,False,False,False,False,False,
6F254,6F,26,20260420,2026-04-20 14:26:41.703,2026-04-20 18:01:41.703,14,215,177,38,True,False,False,False,False,False,
SJ185,SJ,7,20260420,2026-04-20 14:21:41.703,2026-04-20 15:21:41.703,14,60,170,-110,False,True,False,False,False,False,
6F030,6F,8,20260420,2026-04-20 14:20:41.701,2026-04-20 17:10:41.701,14,170,157,13,False,False,False,False,False,False,
SJ222,SJ,8,20260420,2026-04-20 14:15:41.703,2026-04-20 17:09:41.703,14,174,157,17,False,False,False,False,False,False,
6F259,6F,8,20260420,2026-04-20 14:10:41.703,2026-04-20 15:21:41.703,14,71,157,-86,False,True,False,False,False,False,
UK083,UK,19,20260420,2026-04-20 14:10:41.702,2026-04-20 14:59:41.702,14,49,177,-128,False,True,False,False,False,False,
6F051,6F,1,20260420,2026-04-20 13:58:41.701,2026-04-20 15:58:41.701,13,120,140,-20,False,False,False,False,False,False,
SJ088,SJ,15,20260420,2026-04-20 13:54:41.702,2026-04-20 14:26:41.702,13,32,165,-133,False,True,False,False,True,True,duration_outlier
6F146,6F,25,20260420,2026-04-20 13:51:41.703,2026-04-20 15:07:41.703,13,76,141,-65,False,True,False,False,False,False,
6F047,6F,29,20260420,2026-04-20 13:50:41.701,2026-04-20 15:55:41.701,13,125,176,-51,False,True,False,False,False,False,
AI077,AI,14,20260420,2026-04-20 13:45:41.702,2026-04-20 14:51:41.702,13,66,150,-84,False,True,False,False,False,False,
UK134,UK,23,20260420,2026-04-20 13:44:41.702,2026-04-20 17:26:41.702,13,222,177,45,True,False,False,False,False,False,
AI056,AI,20,20260420,2026-04-20 13:44:41.701,2026-04-20 17:39:41.701,13,235,184,51,True,False,False,False,False,False,
UK141,UK,25,20260420,2026-04-20 13:38:41.703,2026-04-20 15:59:41.703,13,141,141,0,False,False,False,False,False,False,
AI030,AI,14,20260420,2026-04-20 13:33:41.701,2026-04-20 16:52:41.701,13,199,150,49,True,False,False,False,False,False,
AI029,AI,29,20260420,2026-04-20 13:29:41.701,2026-04-20 17:53:41.701,13,264,176,88,True,False,False,False,False,False,
SJ167,SJ,28,20260420,2026-04-20 13:18:41.703,2026-04-20 14:12:41.703,13,54,132,-78,False,True,False,False,False,False,
UK017,UK,4,20260420,2026-04-20 13:14:41.701,2026-04-20 14:49:41.701,13,95,167,-72,False,True,False,False,False,False,
6F229,6F,29,20260420,2026-04-20 13:10:41.704,2026-04-20 14:30:41.704,13,80,176,-96,False,True,False,False,False,False,
SJ117,SJ,26,20260420,2026-04-20 13:10:41.702,2026-04-20 17:06:41.702,13,236,177,59,True,False,False,False,False,False,
6F184,6F,27,20260420,2026-04-20 13:05:41.703,2026-04-20 16:04:41.703,13,179,173,6,False,False,False,False,False,False,
AI031,AI,20,20260420,2026-04-20 13:05:41.701,2026-04-20 16:11:41.701,13,186,184,2,False,False,False,False,False,False,
AI178,AI,11,20260420,2026-04-20 13:04:41.703,2026-04-20 14:03:41.703,13,59,167,-108,False,True,False,False,False,False,
SJ089,SJ,23,20260420,2026-04-20 12:42:41.702,2026-04-20 17:15:41.702,12,273,177,96,True,False,True,False,False,True,severe_delay
UK166,UK,25,20260420,2026-04-20 12:39:41.703,2026-04-20 17:32:41.703,12,293,141,152,True,False,True,False,False,True,severe_delay
UK104,UK,17,20260420,2026-04-20 12:30:41.702,2026-04-20 13:52:41.702,12,82,176,-94,False,True,False,False,False,False,
6F168,6F,24,20260420,2026-04-20 12:18:41.703,2026-04-20 15:58:41.703,12,220,196,24,False,False,False,False,False,False,
AI222,AI,8,20260420,2026-04-20 12:10:41.703,2026-04-20 13:14:41.703,12,64,157,-93,False,True,False,False,False,False,
SJ025,SJ,7,20260420,2026-04-20 12:02:41.701,2026-04-20 15:29:41.701,12,207,170,37,True,False,False,False,False,False,
6F255,6F,17,20260420,2026-04-20 11:59:41.703,2026-04-20 15:33:41.703,11,214,176,38,True,False,False,False,False,False,
UK228,UK,20,20260420,2026-04-20 11:58:41.704,2026-04-20 15:08:41.704,11,190,184,6,False,False,False,False,False,False,
6F158,6F,15,20260420,2026-04-20 11:58:41.703,2026-04-20 16:04:41.703,11,246,165,81,True,False,False,False,False,False,
SJ218,SJ,19,20260420,2026-04-20 11:58:41.703,2026-04-20 15:03:41.703,11,185,177,8,False,False,False,False,False,False,
6F034,6F,8,20260420,2026-04-20 11:53:41.701,2026-04-20 12:49:41.701,11,56,157,-101,False,True,False,False,False,False,
UK156,UK,26,20260420,2026-04-20 11:50:41.703,2026-04-20 15:54:41.703,11,244,177,67,True,False,False,False,False,False,
6F105,6F,1,20260420,2026-04-20 11:46:41.702,2026-04-20 12:58:41.702,11,72,140,-68,False,True,False,False,False,False,
6F073,6F,18,20260420,2026-04-20 11:38:41.702,2026-04-20 15:18:41.702,11,220,144,76,True,False,False,False,False,False,
SJ074,SJ,18,20260420,2026-04-20 11:21:41.701,2026-04-20 12:02:41.701,11,41,144,-103,False,True,False,False,False,False,
6F234,6F,8,20260420,2026-04-20 11:20:41.704,2026-04-20 14:11:41.704,11,171,157,14,False,False,False,False,False,False,
6F068,6F,4,20260420,2026-04-20 11:17:41.701,2026-04-20 15:06:41.701,11,229,167,62,True,False,False,False,False,False,
6F074,6F,22,20260420,2026-04-20 11:09:41.702,2026-04-20 14:29:41.702,11,200,150,50,True,False,False,False,False,False,
AI038,AI,25,20260420,2026-04-20 11:05:41.701,2026-04-20 15:44:41.701,11,279,141,138,True,False,True,False,False,True,severe_delay
AI079,AI,11,20260420,2026-04-20 11:04:41.702,2026-04-20 13:19:41.702,11,135,167,-32,False,True,False,False,False,False,
SJ018,SJ,7,20260420,2026-04-20 10:58:41.701,2026-04-20 13:31:41.701,10,153,170,-17,False,False,False,False,False,False,
6F018,6F,16,20260420,2026-04-20 10:57:41.701,2026-04-20 11:43:41.701,10,46,191,-145,False,True,False,False,False,False,
AI091,AI,15,20260420,2026-04-20 10:52:41.702,2026-04-20 15:15:41.702,10,263,165,98,True,False,True,False,False,True,severe_delay
UK071,UK,19,20260420,2026-04-20 10:50:41.701,2026-04-20 14:06:41.701,10,196,177,19,False,False,False,False,False,False,
AI019,AI,7,20260420,2026-04-20 10:49:41.701,2026-04-20 11:51:41.701,10,62,170,-108,False,True,False,False,False,False,
UK212,UK,25,20260420,2026-04-20 10:46:41.704,2026-04-20 11:31:41.704,10,45,141,-96,False,True,False,False,False,False,
AI146,AI,3,20260420,2026-04-20 10:40:41.702,2026-04-20 13:46:41.702,10,186,125,61,True,False,False,False,False,False,
6F232,6F,26,20260420,2026-04-20 10:39:41.704,2026-04-20 12:22:41.704,10,103,177,-74,False,True,False,False,False,False,
6F084,6F,14,20260420,2026-04-20 10:34:41.702,2026-04-20 11:34:42.000,10,60,150,-90,False,True,False,False,False,False,
AI129,AI,7,20260420,2026-04-20 10:29:41.702,2026-04-20 13:38:41.702,10,189,170,19,False,False,False,False,False,False,
AI240,AI,29,20260420,2026-04-20 10:19:41.704,2026-04-20 12:46:41.704,10,147,176,-29,False,False,False,False,False,False,
6F091,6F,2,20260420,2026-04-20 10:10:41.702,2026-04-20 11:36:41.702,10,86,97,-11,False,False,False,False,False,False,
UK133,UK,8,20260420,2026-04-20 10:04:41.702,2026-04-20 13:16:41.702,10,192,157,35,True,False,False,False,False,False,
SJ007,SJ,7,20260420,2026-04-20 10:03:41.701,2026-04-20 14:53:41.701,10,290,170,120,True,False,True,False,False,True,severe_delay
SJ141,SJ,13,20260420,2026-04-20 10:00:41.702,2026-04-20 13:37:41.702,10,217,140,77,True,False,False,False,False,False,
6F049,6F,24,20260420,2026-04-20 10:00:41.701,2026-04-20 13:13:41.701,10,193,196,-3,False,False,False,False,False,False,
SJ235,SJ,8,20260420,2026-04-20 09:57:41.704,2026-04-20 13:45:41.704,9,228,157,71,True,False,False,False,False,False,
UK087,UK,25,20260420,2026-04-20 09:49:41.702,2026-04-20 13:17:41.702,9,208,141,67,True,False,False,False,False,False,
UK170,UK,6,20260420,2026-04-20 09:42:41.703,2026-04-20 11:32:41.703,9,110,170,-60,False,True,False,False,False,False,
SJ078,SJ,19,20260420,2026-04-20 09:41:41.701,2026-04-20 12:49:41.701,9,188,177,11,False,False,False,False,False,False,
SJ075,SJ,26,20260420,2026-04-20 09:26:41.701,2026-04-20 11:03:41.701,9,97,177,-80,False,True,False,False,False,False,
AI159,AI,21,20260420,2026-04-20 09:23:41.703,2026-04-20 11:36:41.703,9,133,136,-3,False,False,False,False,False,False,
UK120,UK,24,20260420,2026-04-20 09:19:41.702,2026-04-20 13:30:41.702,9,251,196,55,True,False,False,False,False,False,
AI059,AI,13,20260420,2026-04-20 09:16:41.701,2026-04-20 11:43:41.701,9,147,140,7,False,False,False,False,False,False,
UK040,UK,23,20260420,2026-04-20 09:15:41.701,2026-04-20 10:32:41.701,9,77,177,-100,False,True,False,False,False,False,
AI044,AI,26,20260420,2026-04-20 09:03:41.701,2026-04-20 12:36:41.701,9,213,177,36,True,False,False,False,False,False,
AI078,AI,17,20260420,2026-04-20 08:58:41.702,2026-04-20 13:28:41.702,8,270,176,94,True,False,True,False,False,True,severe_delay
SJ226,SJ,22,20260420,2026-04-20 08:47:41.704,2026-04-20 12:54:41.704,8,247,150,97,True,False,True,False,False,True,severe_delay
6F209,6F,28,20260420,2026-04-20 08:40:41.703,2026-04-20 13:40:41.703,8,300,132,168,True,False,True,False,True,True,severe_delay;duration_outlier
UK193,UK,24,20260420,2026-04-20 08:39:41.703,2026-04-20 09:14:41.703,8,35,196,-161,False,True,False,False,False,False,
6F092,6F,26,20260420,2026-04-20 08:39:41.702,2026-04-20 09:15:41.702,8,36,177,-141,False,True,False,False,False,False,
AI208,AI,1,20260420,2026-04-20 08:38:41.703,2026-04-20 11:52:41.703,8,194,140,54,True,False,False,False,False,False,
SJ227,SJ,7,20260420,2026-04-20 08:32:41.704,2026-04-20 12:53:41.704,8,261,170,91,True,False,True,False,False,True,severe_delay
6F238,6F,8,20260420,2026-04-20 08:31:41.704,2026-04-20 09:19:41.704,8,48,157,-109,False,True,False,False,False,False,
AI084,AI,9,20260420,2026-04-20 08:31:41.702,2026-04-20 09:46:41.702,8,75,208,-133,False,True,False,False,False,False,
SJ228,SJ,7,20260420,2026-04-20 08:29:41.704,2026-04-20 12:16:41.704,8,227,170,57,True,False,False,False,False,False,
UK194,UK,12,20260420,2026-04-20 08:26:41.703,2026-04-20 09:26:42.000,8,60,174,-114,False,True,False,False,False,False,
6F126,6F,15,20260420,2026-04-20 08:21:41.702,2026-04-20 09:39:41.702,8,78,165,-87,False,True,False,False,False,False,
SJ052,SJ,26,20260420,2026-04-20 08:20:41.701,2026-04-20 09:57:41.701,8,97,177,-80,False,True,False,False,False,False,
AI233,AI,1,20260420,2026-04-20 08:04:41.704,2026-04-20 09:52:41.704,8,108,140,-32,False,True,False,False,False,False,
AI213,AI,23,20260420,2026-04-20 08:03:41.703,2026-04-20 09:14:41.703,8,71,177,-106,False,True,False,False,False,False,
UK076,UK,28,20260420,2026-04-20 08:03:41.702,2026-04-20 12:26:41.702,8,263,132,131,True,False,True,False,False,True,severe_delay
SJ022,SJ,16,20260420,2026-04-20 07:56:41.701,2026-04-20 11:07:41.701,7,191,191,0,False,False,False,False,False,False,
SJ002,SJ,17,20260420,2026-04-20 07:54:41.701,2026-04-20 12:40:41.701,7,286,176,110,True,False,True,False,False,True,severe_delay
AI163,AI,25,20260420,2026-04-20 07:45:41.703,2026-04-20 08:46:41.703,7,61,141,-80,False,True,False,False,False,False,
UK229,UK,24,20260420,2026-04-20 07:40:41.704,2026-04-20 11:57:41.704,7,257,196,61,True,False,False,False,False,False,
UK185,UK,20,20260420,2026-04-20 07:31:41.703,2026-04-20 08:48:41.703,7,77,184,-107,False,True,False,False,False,False,
6F029,6F,6,20260420,2026-04-20 07:31:41.701,2026-04-20 11:45:41.701,7,254,170,84,True,False,False,False,False,False,
6F056,6F,10,20260420,2026-04-20 07:00:41.701,2026-04-20 08:49:41.701,7,109,180,-71,False,True,False,False,False,False,
AI062,AI,29,20260420,2026-04-20 06:49:41.701,2026-04-20 07:25:41.701,6,36,176,-140,False,True,False,False,False,False,
UK034,UK,16,20260420,2026-04-20 06:47:41.701,2026-04-20 10:11:41.701,6,204,191,13,False,False,False,False,False,False,
UK079,UK,16,20260420,2026-04-20 06:43:41.702,2026-04-20 10:34:41.702,6,231,191,40,True,False,False,False,False,False,
AI135,AI,1,20260420,2026-04-20 06:40:41.702,2026-04-20 09:21:41.702,6,161,140,21,False,False,False,False,False,False,
SJ061,SJ,26,20260420,2026-04-20 06:38:41.701,2026-04-20 09:35:41.701,6,177,177,0,False,False,False,False,False,False,
AI047,AI,15,20260420,2026-04-20 06:36:41.701,2026-04-20 07:23:41.701,6,47,165,-118,False,True,False,False,False,False,
UK210,UK,18,20260420,2026-04-20 06:35:41.704,2026-04-20 07:30:41.704,6,55,144,-89,False,True,False,False,False,False,
AI088,AI,29,20260420,2026-04-20 06:34:41.702,2026-04-20 10:10:41.702,6,216,176,40,True,False,False,False,False,False,
UK177,UK,19,20260420,2026-04-20 06:21:41.703,2026-04-20 10:50:41.703,6,269,177,92,True,False,True,False,False,True,severe_delay
AI128,AI,7,20260420,2026-04-20 06:07:41.702,2026-04-20 10:03:41.702,6,236,170,66,True,False,False,False,False,False,
AI158,AI,13,20260420,2026-04-20 06:04:41.703,2026-04-20 09:01:41.703,6,177,140,37,True,False,False,False,False,False,
UK206,UK,26,20260420,2026-04-20 06:01:41.703,2026-04-20 10:34:41.703,6,273,177,96,True,False,True,False,False,True,severe_delay
SJ138,SJ,1,20260420,2026-04-20 05:55:41.702,2026-04-20 06:43:41.702,5,48,140,-92,False,True,False,False,False,False,
AI034,AI,17,20260420,2026-04-20 05:48:41.701,2026-04-20 10:31:41.701,5,283,176,107,True,False,True,False,False,True,severe_delay
AI012,AI,7,20260420,2026-04-20 05:44:41.701,2026-04-20 09:47:41.701,5,243,170,73,True,False,False,False,False,False,
6F083,6F,3,20260420,2026-04-20 05:24:41.702,2026-04-20 06:03:41.702,5,39,125,-86,False,True,False,False,False,False,
SJ083,SJ,26,20260420,2026-04-20 05:13:41.702,2026-04-20 08:17:41.702,5,184,177,7,False,False,False,False,False,False,
SJ186,SJ,13,20260420,2026-04-20 05:11:41.703,2026-04-20 07:22:41.703,5,131,140,-9,False,False,False,False,False,False,
UK001,UK,13,20260420,2026-04-20 05:06:41.700,2026-04-20 06:31:41.700,5,85,140,-55,False,True,False,False,False,False,
AI217,AI,11,20260420,2026-04-20 04:57:41.703,2026-04-20 07:14:41.703,4,137,167,-30,False,False,False,False,False,False,
6F178,6F,7,20260420,2026-04-20 04:48:41.703,2026-04-20 09:11:41.703,4,263,170,93,True,False,True,False,False,True,severe_delay
UK015,UK,1,20260420,2026-04-20 04:46:41.701,2026-04-20 06:33:41.701,4,107,140,-33,False,True,False,False,False,False,
AI112,AI,16,20260420,2026-04-20 04:41:41.702,2026-04-20 08:24:41.702,4,223,191,32,True,False,False,False,False,False,
UK100,UK,11,20260420,2026-04-20 04:40:41.702,2026-04-20 07:12:41.702,4,152,167,-15,False,False,False,False,False,False,
6F133,6F,26,20260420,2026-04-20 04:38:41.702,2026-04-20 06:25:41.702,4,107,177,-70,False,True,False,False,False,False,
AI227,AI,5,20260420,2026-04-20 04:31:41.703,2026-04-20 08:17:41.703,4,226,219,7,False,False,False,False,False,False,
UK093,UK,23,20260420,2026-04-20 04:31:41.702,2026-04-20 05:21:41.702,4,50,177,-127,False,True,False,False,False,False,
UK203,UK,4,20260420,2026-04-20 04:12:41.703,2026-04-20 05:24:41.703,4,72,167,-95,False,True,False,False,False,False,
UK154,UK,30,20260420,2026-04-20 04:00:41.703,2026-04-20 07:57:41.703,4,237,164,73,True,False,False,False,False,False,
UK073,UK,2,20260420,2026-04-20 03:59:41.702,2026-04-20 08:09:41.702,3,250,97,153,True,False,True,False,False,True,severe_delay
AI164,AI,16,20260420,2026-04-20 03:57:41.703,2026-04-20 05:45:41.703,3,108,191,-83,False,True,False,False,False,False,
UK008,UK,11,20260420,2026-04-20 03:57:41.701,2026-04-20 04:34:41.701,3,37,167,-130,False,True,False,False,False,False,
UK051,UK,24,20260420,2026-04-20 03:55:41.701,2026-04-20 06:55:41.701,3,180,196,-16,False,False,False,False,False,False,
UK208,UK,18,20260420,2026-04-20 03:54:41.704,2026-04-20 08:51:41.704,3,297,144,153,True,False,True,False,True,True,severe_delay;duration_outlier
AI150,AI,8,20260420,2026-04-20 03:51:41.703,2026-04-20 04:38:41.703,3,47,157,-110,False,True,False,False,False,False,
AI189,AI,13,20260420,2026-04-20 03:44:41.703,2026-04-20 05:32:41.703,3,108,140,-32,False,True,False,False,False,False,
6F230,6F,11,20260420,2026-04-20 03:34:41.704,2026-04-20 06:47:41.704,3,193,167,26,False,False,False,False,False,False,
6F169,6F,8,20260420,2026-04-20 03:27:41.703,2026-04-20 08:06:41.703,3,279,157,122,True,False,True,False,False,True,severe_delay
AI205,AI,1,20260420,2026-04-20 03:26:41.703,2026-04-20 05:14:41.703,3,108,140,-32,False,True,False,False,False,False,
AI103,AI,1,20260420,2026-04-20 03:26:41.702,2026-04-20 04:04:41.702,3,38,140,-102,False,True,False,False,False,False,
6F250,6F,16,20260420,2026-04-20 03:26:41.701,2026-04-20 07:30:41.701,3,244,191,53,True,False,False,False,False,False,
AI246,AI,6,20260420,2026-04-20 03:22:41.704,2026-04-20 06:41:41.704,3,199,170,29,False,False,False,False,False,False,
6F187,6F,10,20260420,2026-04-20 03:19:41.703,2026-04-20 07:37:41.703,3,258,180,78,True,False,False,False,False,False,
AI082,AI,18,20260420,2026-04-20 03:19:41.702,2026-04-20 06:01:41.702,3,162,144,18,False,False,False,False,False,False,
UK116,UK,12,20260420,2026-04-20 03:18:41.702,2026-04-20 07:06:41.702,3,228,174,54,True,False,False,False,False,False,
SJ169,SJ,10,20260420,2026-04-20 03:10:41.703,2026-04-20 07:56:41.703,3,286,180,106,True,False,True,False,False,True,severe_delay
AI175,AI,9,20260420,2026-04-20 03:08:41.703,2026-04-20 06:55:41.703,3,227,208,19,False,False,False,False,False,False,
SJ098,SJ,25,20260420,2026-04-20 03:02:41.702,2026-04-20 03:37:41.702,3,35,141,-106,False,True,False,False,False,False,
SJ191,SJ,1,20260420,2026-04-20 03:01:41.703,2026-04-20 04:23:41.703,3,82,140,-58,False,True,False,False,False,False,
SJ017,SJ,20,20260420,2026-04-20 02:57:41.701,2026-04-20 05:00:41.701,2,123,184,-61,False,True,False,False,False,False,
UK188,UK,26,20260420,2026-04-20 02:55:41.703,2026-04-20 03:44:41.703,2,49,177,-128,False,True,False,False,False,False,
AI196,AI,30,20260420,2026-04-20 02:52:41.703,2026-04-20 04:25:41.703,2,93,164,-71,False,True,False,False,False,False,
AI068,AI,6,20260420,2026-04-20 02:48:41.702,2026-04-20 04:48:42.000,2,120,170,-50,False,True,False,False,False,False,
SJ097,SJ,7,20260420,2026-04-20 02:37:41.702,2026-04-20 05:27:41.702,2,170,170,0,False,False,False,False,False,False,
SJ030,SJ,19,20260420,2026-04-20 02:36:41.701,2026-04-20 03:19:41.701,2,43,177,-134,False,True,False,False,False,False,
6F179,6F,25,20260420,2026-04-20 02:25:41.703,2026-04-20 06:40:41.703,2,255,141,114,True,False,True,False,False,True,severe_delay
6F156,6F,27,20260420,2026-04-20 02:23:41.703,2026-04-20 04:57:41.703,2,154,173,-19,False,False,False,False,False,False,
SJ057,SJ,7,20260420,2026-04-20 02:17:41.701,2026-04-20 05:29:41.701,2,192,170,22,False,False,False,False,False,False,
6F036,6F,11,20260420,2026-04-20 02:14:41.701,2026-04-20 06:57:41.701,2,283,167,116,True,False,True,False,False,True,severe_delay
6F201,6F,12,20260420,2026-04-20 02:09:41.703,2026-04-20 06:49:41.703,2,280,174,106,True,False,True,False,False,True,severe_delay
6F143,6F,13,20260420,2026-04-20 02:09:41.702,2026-04-20 06:08:41.702,2,239,140,99,True,False,True,False,False,True,severe_delay
6F177,6F,25,20260420,2026-04-20 02:03:41.703,2026-04-20 04:25:41.703,2,142,141,1,False,False,False,False,False,False,
6F031,6F,6,20260420,2026-04-20 02:00:41.701,2026-04-20 06:37:41.701,2,277,170,107,True,False,True,False,False,True,severe_delay
UK165,UK,16,20260420,2026-04-20 01:51:41.703,2026-04-20 06:04:41.703,1,253,191,62,True,False,False,False,False,False,
6F122,6F,16,20260420,2026-04-20 01:44:41.702,2026-04-20 05:28:41.702,1,224,191,33,True,False,False,False,False,False,
AI009,AI,18,20260420,2026-04-20 01:31:41.701,2026-04-20 04:05:41.701,1,154,144,10,False,False,False,False,False,False,
6F046,6F,16,20260420,2026-04-20 01:27:41.701,2026-04-20 05:08:41.701,1,221,191,30,False,False,False,False,False,False,
AI051,AI,26,20260420,2026-04-20 01:27:41.701,2026-04-20 02:22:41.701,1,55,177,-122,False,True,False,False,False,False,
UK222,UK,7,20260420,2026-04-20 01:22:41.704,2026-04-20 02:57:41.704,1,95,170,-75,False,True,False,False,False,False,
SJ127,SJ,8,20260420,2026-04-20 01:21:41.702,2026-04-20 03:58:41.702,1,157,157,0,False,False,False,False,False,False,
AI226,AI,4,20260420,2026-04-20 01:19:41.703,2026-04-20 04:08:41.703,1,169,167,2,False,False,False,False,False,False,
AI216,AI,7,20260420,2026-04-20 01:10:41.703,2026-04-20 02:34:41.703,1,84,170,-86,False,True,False,False,False,False,
6F058,6F,7,20260420,2026-04-20 01:04:41.701,2026-04-20 03:33:41.701,1,149,170,-21,False,False,False,False,False,False,
SJ207,SJ,18,20260420,2026-04-20 00:52:41.703,2026-04-20 04:05:41.703,0,193,144,49,True,False,False,False,False,False,
SJ198,SJ,12,20260420,2026-04-20 00:47:41.703,2026-04-20 05:28:41.703,0,281,174,107,True,False,True,False,False,True,severe_delay
SJ108,SJ,4,20260420,2026-04-20 00:40:41.702,2026-04-20 03:16:41.702,0,156,167,-11,False,False,False,False,False,False,
SJ155,SJ,18,20260420,2026-04-20 00:38:41.702,2026-04-20 05:38:41.702,0,300,144,156,True,False,True,False,True,True,severe_delay;duration_outlier
6F193,6F,10,20260420,2026-04-20 00:34:41.703,2026-04-20 02:32:41.703,0,118,180,-62,False,True,False,False,False,False,
6F019,6F,1,20260420,2026-04-20 00:19:41.701,2026-04-20 04:14:41.701,0,235,140,95,True,False,True,False,False,True,severe_delay
AI102,AI,11,20260420,2026-04-20 00:17:41.702,2026-04-20 05:08:41.702,0,291,167,124,True,False,True,False,False,True,severe_delay
6F166,6F,7,20260420,2026-04-20 00:03:41.703,2026-04-20 04:33:41.703,0,270,170,100,True,False,True,False,False,True,severe_delay
UK175,UK,1,20260419,2026-04-19 23:56:41.703,2026-04-20 03:18:41.703,23,202,140,62,True,False,False,True,False,True,overnight
6F010,6F,16,20260419,2026-04-19 23:53:41.701,2026-04-20 03:44:41.701,23,231,191,40,True,False,False,True,False,True,overnight
AI234,AI,10,20260419,2026-04-19 23:50:41.704,2026-04-20 01:34:41.704,23,104,180,-76,False,True,False,True,False,True,overnight
UK135,UK,24,20260419,2026-04-19 23:50:41.702,2026-04-20 01:43:41.702,23,113,196,-83,False,True,False,True,False,True,overnight
6F272,6F,25,20260419,2026-04-19 23:35:41.702,2026-04-20 00:22:41.702,23,47,141,-94,False,True,False,True,False,True,overnight
AI061,AI,7,20260419,2026-04-19 23:31:41.701,2026-04-20 01:02:41.701,23,91,170,-79,False,True,False,True,False,True,overnight
6F070,6F,24,20260419,2026-04-19 23:23:41.701,2026-04-20 02:24:41.701,23,181,196,-15,False,False,False,True,False,True,overnight
AI015,AI,2,20260419,2026-04-19 23:21:41.701,2026-04-20 01:15:41.701,23,114,97,17,False,False,False,True,False,True,overnight
SJ076,SJ,20,20260419,2026-04-19 23:01:41.701,2026-04-20 02:02:41.701,23,181,184,-3,False,False,False,True,False,True,overnight
SJ029,SJ,24,20260419,2026-04-19 22:55:41.701,2026-04-20 00:22:41.701,22,87,196,-109,False,True,False,True,False,True,overnight
SJ194,SJ,13,20260419,2026-04-19 22:46:41.703,2026-04-20 02:31:41.703,22,225,140,85,True,False,False,True,False,True,overnight
AI235,AI,4,20260419,2026-04-19 22:45:41.704,2026-04-20 02:12:41.704,22,207,167,40,True,False,False,True,False,True,overnight
SJ048,SJ,26,20260419,2026-04-19 22:43:41.701,2026-04-20 00:19:41.701,22,96,177,-81,False,True,False,True,False,True,overnight
SJ114,SJ,24,20260419,2026-04-19 22:42:41.702,2026-04-20 02:02:41.702,22,200,196,4,False,False,False,True,False,True,overnight
SJ146,SJ,21,20260419,2026-04-19 22:37:41.702,2026-04-20 00:33:41.702,22,116,136,-20,False,False,False,True,False,True,overnight
UK041,UK,25,20260419,2026-04-19 22:37:41.701,2026-04-19 23:44:41.701,22,67,141,-74,False,True,False,False,False,False,
6F075,6F,7,20260419,2026-04-19 22:20:41.702,2026-04-20 03:02:41.702,22,282,170,112,True,False,True,True,False,True,severe_delay;overnight
SJ020,SJ,1,20260419,2026-04-19 22:18:41.701,2026-04-20 02:27:41.701,22,249,140,109,True,False,True,True,False,True,severe_delay;overnight
SJ099,SJ,26,20260419,2026-04-19 22:14:41.702,2026-04-20 00:34:41.702,22,140,177,-37,False,True,False,True,False,True,overnight
6F078,6F,7,20260419,2026-04-19 22:04:41.702,2026-04-19 23:37:41.702,22,93,170,-77,False,True,False,False,False,False,
UK219,UK,9,20260419,2026-04-19 22:03:41.704,2026-04-20 02:21:41.704,22,258,208,50,True,False,False,True,False,True,overnight
UK223,UK,13,20260419,2026-04-19 21:58:41.704,2026-04-19 22:30:41.704,21,32,140,-108,False,True,False,False,True,True,duration_outlier
UK227,UK,9,20260419,2026-04-19 21:57:41.704,2026-04-20 01:47:41.704,21,230,208,22,False,False,False,True,False,True,overnight
6F260,6F,13,20260419,2026-04-19 21:51:41.702,2026-04-20 01:14:41.702,21,203,140,63,True,False,False,True,False,True,overnight
AI096,AI,13,20260419,2026-04-19 21:48:41.702,2026-04-20 02:46:41.702,21,298,140,158,True,False,True,True,True,True,severe_delay;overnight;duration_outlier
6F022,6F,26,20260419,2026-04-19 21:46:41.701,2026-04-20 02:05:41.701,21,259,177,82,True,False,False,True,False,True,overnight
6F237,6F,25,20260419,2026-04-19 21:41:41.704,2026-04-20 00:44:41.704,21,183,141,42,True,False,False,True,False,True,overnight
UK146,UK,10,20260419,2026-04-19 21:40:41.703,2026-04-20 00:08:41.703,21,148,180,-32,False,True,False,True,False,True,overnight
SJ015,SJ,7,20260419,2026-04-19 21:40:41.701,2026-04-19 22:52:41.701,21,72,170,-98,False,True,False,False,False,False,
AI108,AI,2,20260419,2026-04-19 21:32:41.702,2026-04-20 00:17:41.702,21,165,97,68,True,False,False,True,False,True,overnight
UK020,UK,26,20260419,2026-04-19 21:23:41.701,2026-04-19 22:38:41.701,21,75,177,-102,False,True,False,False,False,False,
6F113,6F,7,20260419,2026-04-19 21:04:41.702,2026-04-20 01:30:41.702,21,266,170,96,True,False,True,True,False,True,severe_delay;overnight
6F112,6F,24,20260419,2026-04-19 21:00:41.702,2026-04-19 23:16:41.702,21,136,196,-60,False,True,False,False,False,False,
6F246,6F,24,20260419,2026-04-19 21:00:41.702,2026-04-19 23:16:41.702,21,136,196,-60,False,True,False,False,False,False,
UK158,UK,10,20260419,2026-04-19 20:49:41.703,2026-04-19 21:22:41.703,20,33,180,-147,False,True,False,False,True,True,duration_outlier
UK159,UK,11,20260419,2026-04-19 20:45:41.703,2026-04-19 23:32:41.703,20,167,167,0,False,False,False,False,False,False,
UK084,UK,29,20260419,2026-04-19 20:44:41.702,2026-04-20 00:20:41.702,20,216,176,40,True,False,False,True,False,True,overnight
SJ206,SJ,18,20260419,2026-04-19 20:43:41.703,2026-04-20 01:21:41.703,20,278,144,134,True,False,True,True,False,True,severe_delay;overnight
UK044,UK,1,20260419,2026-04-19 20:31:41.701,2026-04-19 23:29:41.701,20,178,140,38,True,False,False,False,False,False,
SJ036,SJ,19,20260419,2026-04-19 20:24:41.701,2026-04-19 23:54:41.701,20,210,177,33,True,False,False,False,False,False,
6F176,6F,13,20260419,2026-04-19 20:23:42.000,2026-04-19 23:23:42.000,20,180,140,40,True,False,False,False,False,False,
6F148,6F,12,20260419,2026-04-19 20:23:41.703,2026-04-19 22:30:41.703,20,127,174,-47,False,True,False,False,False,False,
6F202,6F,21,20260419,2026-04-19 20:18:41.703,2026-04-19 23:48:41.703,20,210,136,74,True,False,False,False,False,False,
6F071,6F,18,20260419,2026-04-19 20:18:41.702,2026-04-20 00:31:41.702,20,253,144,109,True,False,True,True,False,True,severe_delay;overnight
AI105,AI,13,20260419,2026-04-19 20:16:41.702,2026-04-19 22:03:41.702,20,107,140,-33,False,True,False,False,False,False,
AI241,AI,21,20260419,2026-04-19 20:11:41.704,2026-04-19 22:18:41.704,20,127,136,-9,False,False,False,False,False,False,
SJ162,SJ,19,20260419,2026-04-19 20:11:41.703,2026-04-19 22:30:41.703,20,139,177,-38,False,True,False,False,False,False,
6F003,6F,22,20260419,2026-04-19 20:06:41.700,2026-04-19 23:13:41.700,20,187,150,37,True,False,False,False,False,False,
6F249,6F,22,20260419,2026-04-19 20:06:41.700,2026-04-19 23:13:41.700,20,187,150,37,True,False,False,False,False,False,
AI237,AI,7,20260419,2026-04-19 19:58:41.704,2026-04-19 23:13:41.704,19,195,170,25,False,False,False,False,False,False,
SJ134,SJ,7,20260419,2026-04-19 19:58:41.702,2026-04-20 00:15:41.702,19,257,170,87,True,False,False,True,False,True,overnight
AI071,AI,10,20260419,2026-04-19 19:55:41.702,2026-04-19 22:58:41.702,19,183,180,3,False,False,False,False,False,False,
6F118,6F,14,20260419,2026-04-19 19:52:41.702,2026-04-19 21:01:41.702,19,69,150,-81,False,True,False,False,False,False,
6F014,6F,20,20260419,2026-04-19 19:42:41.701,2026-04-19 23:15:41.701,19,213,184,29,False,False,False,False,False,False,
6F065,6F,26,20260419,2026-04-19 19:40:41.701,2026-04-19 22:23:41.701,19,163,177,-14,False,False,False,False,False,False,
6F271,6F,25,20260419,2026-04-19 19:33:41.702,2026-04-19 22:52:41.702,19,199,141,58,True,False,False,False,False,False,
SJ070,SJ,28,20260419,2026-04-19 18:55:41.701,2026-04-19 20:48:41.701,18,113,132,-19,False,False,False,False,False,False,
6F007,6F,25,20260419,2026-04-19 18:55:41.701,2026-04-19 19:54:41.701,18,59,141,-82,False,True,False,False,False,False,
UK007,UK,19,20260419,2026-04-19 18:50:41.701,2026-04-19 21:04:41.701,18,134,177,-43,False,True,False,False,False,False,
SJ192,SJ,22,20260419,2026-04-19 18:45:42.000,2026-04-19 23:45:42.000,18,300,150,150,True,False,True,False,True,True,severe_delay;duration_outlier
AI097,AI,25,20260419,2026-04-19 18:42:41.702,2026-04-19 23:34:41.702,18,292,141,151,True,False,True,False,False,True,severe_delay
6F256,6F,7,20260419,2026-04-19 18:40:41.702,2026-04-19 19:13:41.702,18,33,170,-137,False,True,False,False,True,True,duration_outlier
UK047,UK,4,20260419,2026-04-19 18:40:41.701,2026-04-19 22:45:41.701,18,245,167,78,True,False,False,False,False,False,
AI024,AI,27,20260419,2026-04-19 18:38:41.701,2026-04-19 19:45:41.701,18,67,173,-106,False,True,False,False,False,False,
UK113,UK,13,20260419,2026-04-19 18:34:41.702,2026-04-19 22:58:41.702,18,264,140,124,True,False,True,False,False,True,severe_delay
SJ163,SJ,19,20260419,2026-04-19 18:32:41.703,2026-04-19 23:08:41.703,18,276,177,99,True,False,True,False,False,True,severe_delay
SJ208,SJ,19,20260419,2026-04-19 18:32:41.703,2026-04-19 19:33:41.703,18,61,177,-116,False,True,False,False,False,False,
SJ221,SJ,30,20260419,2026-04-19 18:31:41.703,2026-04-19 23:17:41.703,18,286,164,122,True,False,True,False,False,True,severe_delay
SJ084,SJ,25,20260419,2026-04-19 18:31:41.702,2026-04-19 19:30:41.702,18,59,141,-82,False,True,False,False,False,False,
6F127,6F,22,20260419,2026-04-19 18:27:41.702,2026-04-19 22:28:41.702,18,241,150,91,True,False,True,False,False,True,severe_delay
AI122,AI,7,20260419,2026-04-19 18:25:41.702,2026-04-19 22:36:41.702,18,251,170,81,True,False,False,False,False,False,
AI139,AI,25,20260419,2026-04-19 18:23:41.702,2026-04-19 19:24:41.702,18,61,141,-80,False,True,False,False,False,False,
UK149,UK,29,20260419,2026-04-19 18:22:41.703,2026-04-19 23:08:41.703,18,286,176,110,True,False,True,False,False,True,severe_delay
AI149,AI,9,20260419,2026-04-19 18:19:41.703,2026-04-19 21:36:41.703,18,197,208,-11,False,False,False,False,False,False,
SJ243,SJ,3,20260419,2026-04-19 18:17:41.704,2026-04-19 23:03:41.704,18,286,125,161,True,False,True,False,False,True,severe_delay
AI053,AI,13,20260419,2026-04-19 18:04:41.701,2026-04-19 22:19:41.701,18,255,140,115,True,False,True,False,False,True,severe_delay
UK061,UK,1,20260419,2026-04-19 17:58:41.701,2026-04-19 19:48:41.701,17,110,140,-30,False,False,False,False,False,False,
SJ004,SJ,29,20260419,2026-04-19 17:52:41.701,2026-04-19 21:01:41.701,17,189,176,13,False,False,False,False,False,False,
AI173,AI,24,20260419,2026-04-19 17:36:41.703,2026-04-19 22:27:41.703,17,291,196,95,True,False,True,False,False,True,severe_delay
6F085,6F,25,20260419,2026-04-19 17:32:41.702,2026-04-19 19:32:42.000,17,120,141,-21,False,False,False,False,False,False,
AI252,AI,24,20260419,2026-04-19 17:30:41.704,2026-04-19 21:54:41.704,17,264,196,68,True,False,False,False,False,False,
SJ109,SJ,8,20260419,2026-04-19 17:24:41.702,2026-04-19 20:28:41.702,17,184,157,27,False,False,False,False,False,False,
UK123,UK,8,20260419,2026-04-19 17:24:41.702,2026-04-19 20:18:41.702,17,174,157,17,False,False,False,False,False,False,
6F125,6F,7,20260419,2026-04-19 17:09:41.702,2026-04-19 21:13:41.702,17,244,170,74,True,False,False,False,False,False,
UK183,UK,2,20260419,2026-04-19 17:07:41.703,2026-04-19 18:30:41.703,17,83,97,-14,False,False,False,False,False,False,
AI110,AI,7,20260419,2026-04-19 17:07:41.702,2026-04-19 22:00:41.702,17,293,170,123,True,False,True,False,False,True,severe_delay
UK105,UK,14,20260419,2026-04-19 17:04:41.702,2026-04-19 18:11:41.702,17,67,150,-83,False,True,False,False,False,False,
6F128,6F,24,20260419,2026-04-19 16:56:41.702,2026-04-19 18:03:41.702,16,67,196,-129,False,True,False,False,False,False,
6F224,6F,20,20260419,2026-04-19 16:53:41.704,2026-04-19 18:52:41.704,16,119,184,-65,False,True,False,False,False,False,
SJ130,SJ,8,20260419,2026-04-19 16:53:41.702,2026-04-19 20:53:41.702,16,240,157,83,True,False,False,False,False,False,
AI224,AI,19,20260419,2026-04-19 16:51:41.703,2026-04-19 21:36:41.703,16,285,177,108,True,False,True,False,False,True,severe_delay
SJ182,SJ,12,20260419,2026-04-19 16:48:41.703,2026-04-19 17:36:41.703,16,48,174,-126,False,True,False,False,False,False,
UK164,UK,9,20260419,2026-04-19 16:46:41.703,2026-04-19 21:10:41.703,16,264,208,56,True,False,False,False,False,False,
AI161,AI,12,20260419,2026-04-19 16:40:41.703,2026-04-19 19:40:41.703,16,180,174,6,False,False,False,False,False,False,
6F206,6F,17,20260419,2026-04-19 16:39:41.703,2026-04-19 20:59:41.703,16,260,176,84,True,False,False,False,False,False,
SJ204,SJ,13,20260419,2026-04-19 16:34:41.703,2026-04-19 18:15:41.703,16,101,140,-39,False,True,False,False,False,False,
AI206,AI,15,20260419,2026-04-19 16:30:41.703,2026-04-19 20:01:41.703,16,211,165,46,True,False,False,False,False,False,
6F140,6F,14,20260419,2026-04-19 16:30:41.702,2026-04-19 18:21:41.702,16,111,150,-39,False,True,False,False,False,False,
6F253,6F,26,20260419,2026-04-19 16:26:41.703,2026-04-19 18:24:41.703,16,118,177,-59,False,True,False,False,False,False,
SJ203,SJ,19,20260419,2026-04-19 16:22:41.703,2026-04-19 18:27:41.703,16,125,177,-52,False,True,False,False,False,False,
SJ161,SJ,26,20260419,2026-04-19 16:22:41.703,2026-04-19 17:04:41.703,16,42,177,-135,False,True,False,False,False,False,
AI098,AI,25,20260419,2026-04-19 16:01:41.702,2026-04-19 18:11:41.702,16,130,141,-11,False,False,False,False,False,False,
AI168,AI,18,20260419,2026-04-19 15:50:41.703,2026-04-19 20:20:41.703,15,270,144,126,True,False,True,False,False,True,severe_delay
UK190,UK,16,20260419,2026-04-19 15:49:41.703,2026-04-19 18:53:41.703,15,184,191,-7,False,False,False,False,False,False,
AI085,AI,19,20260419,2026-04-19 15:45:41.702,2026-04-19 20:33:41.702,15,288,177,111,True,False,True,False,False,True,severe_delay
AI076,AI,1,20260419,2026-04-19 15:37:41.702,2026-04-19 16:12:41.702,15,35,140,-105,False,True,False,False,False,False,
UK130,UK,26,20260419,2026-04-19 15:36:41.702,2026-04-19 19:43:41.702,15,247,177,70,True,False,False,False,False,False,
6F038,6F,25,20260419,2026-04-19 15:36:41.701,2026-04-19 19:33:41.701,15,237,141,96,True,False,True,False,False,True,severe_delay
UK110,UK,24,20260419,2026-04-19 15:26:41.702,2026-04-19 20:13:41.702,15,287,196,91,True,False,True,False,False,True,severe_delay
SJ013,SJ,20,20260419,2026-04-19 15:25:41.701,2026-04-19 19:54:41.701,15,269,184,85,True,False,False,False,False,False,
AI039,AI,26,20260419,2026-04-19 15:24:41.701,2026-04-19 18:56:41.701,15,212,177,35,True,False,False,False,False,False,
AI248,AI,13,20260419,2026-04-19 15:17:41.704,2026-04-19 16:35:41.704,15,78,140,-62,False,True,False,False,False,False,
6F199,6F,20,20260419,2026-04-19 15:15:41.703,2026-04-19 17:32:41.703,15,137,184,-47,False,True,False,False,False,False,
AI225,AI,6,20260419,2026-04-19 15:05:41.703,2026-04-19 16:01:41.703,15,56,170,-114,False,True,False,False,False,False,
SJ028,SJ,12,20260419,2026-04-19 15:04:41.701,2026-04-19 19:32:41.701,15,268,174,94,True,False,True,False,False,True,severe_delay
SJ012,SJ,21,20260419,2026-04-19 15:01:41.701,2026-04-19 16:12:41.701,15,71,136,-65,False,True,False,False,False,False,
SJ131,SJ,30,20260419,2026-04-19 15:00:41.702,2026-04-19 16:07:41.702,15,67,164,-97,False,True,False,False,False,False,
AI010,AI,9,20260419,2026-04-19 15:00:41.701,2026-04-19 19:48:41.701,15,288,208,80,True,False,False,False,False,False,
6F020,6F,9,20260419,2026-04-19 14:58:41.701,2026-04-19 16:43:41.701,14,105,208,-103,False,True,False,False,False,False,
SJ038,SJ,3,20260419,2026-04-19 14:57:41.701,2026-04-19 17:46:41.701,14,169,125,44,True,False,False,False,False,False,
UK204,UK,3,20260419,2026-04-19 14:46:41.703,2026-04-19 16:24:41.703,14,98,125,-27,False,False,False,False,False,False,
AI036,AI,7,20260419,2026-04-19 14:45:41.701,2026-04-19 16:16:41.701,14,91,170,-79,False,True,False,False,False,False,
AI100,AI,12,20260419,2026-04-19 14:42:41.702,2026-04-19 18:22:41.702,14,220,174,46,True,False,False,False,False,False,
SJ215,SJ,13,20260419,2026-04-19 14:37:41.703,2026-04-19 16:12:41.703,14,95,140,-45,False,True,False,False,False,False,
UK155,UK,30,20260419,2026-04-19 14:34:41.703,2026-04-19 18:37:41.703,14,243,164,79,True,False,False,False,False,False,
SJ173,SJ,14,20260419,2026-04-19 14:27:41.703,2026-04-19 16:09:41.703,14,102,150,-48,False,True,False,False,False,False,
UK179,UK,19,20260419,2026-04-19 14:25:41.703,2026-04-19 19:15:41.703,14,290,177,113,True,False,True,False,False,True,severe_delay
UK221,UK,13,20260419,2026-04-19 14:18:41.704,2026-04-19 18:44:41.704,14,266,140,126,True,False,True,False,False,True,severe_delay
UK023,UK,20,20260419,2026-04-19 14:15:41.701,2026-04-19 19:03:41.701,14,288,184,104,True,False,True,False,False,True,severe_delay
SJ107,SJ,10,20260419,2026-04-19 14:10:41.702,2026-04-19 18:38:41.702,14,268,180,88,True,False,False,False,False,False,
AI073,AI,6,20260419,2026-04-19 14:08:41.702,2026-04-19 16:10:41.702,14,122,170,-48,False,True,False,False,False,False,
SJ187,SJ,26,20260419,2026-04-19 14:07:41.703,2026-04-19 17:30:41.703,14,203,177,26,False,False,False,False,False,False,
UK058,UK,27,20260419,2026-04-19 13:46:41.701,2026-04-19 17:04:41.701,13,198,173,25,False,False,False,False,False,False,
SJ063,SJ,27,20260419,2026-04-19 13:38:41.701,2026-04-19 15:23:41.701,13,105,173,-68,False,True,False,False,False,False,
SJ062,SJ,4,20260419,2026-04-19 13:37:41.701,2026-04-19 17:06:41.701,13,209,167,42,True,False,False,False,False,False,
UK048,UK,29,20260419,2026-04-19 13:36:41.701,2026-04-19 18:21:41.701,13,285,176,109,True,False,True,False,False,True,severe_delay
AI181,AI,30,20260419,2026-04-19 13:29:41.703,2026-04-19 16:55:41.703,13,206,164,42,True,False,False,False,False,False,
AI003,AI,4,20260419,2026-04-19 13:27:41.701,2026-04-19 16:55:41.701,13,208,167,41,True,False,False,False,False,False,
6F041,6F,27,20260419,2026-04-19 13:19:41.701,2026-04-19 16:48:41.701,13,209,173,36,True,False,False,False,False,False,
6F175,6F,28,20260419,2026-04-19 13:18:41.703,2026-04-19 15:13:41.703,13,115,132,-17,False,False,False,False,False,False,
6F013,6F,7,20260419,2026-04-19 13:15:41.701,2026-04-19 18:05:41.701,13,290,170,120,True,False,True,False,False,True,severe_delay
SJ040,SJ,7,20260419,2026-04-19 13:12:41.701,2026-04-19 16:44:41.701,13,212,170,42,True,False,False,False,False,False,
SJ016,SJ,23,20260419,2026-04-19 13:01:41.701,2026-04-19 16:26:41.701,13,205,177,28,False,False,False,False,False,False,
6F135,6F,30,20260419,2026-04-19 12:59:41.702,2026-04-19 13:45:41.702,12,46,164,-118,False,True,False,False,False,False,
6F150,6F,25,20260419,2026-04-19 12:55:41.703,2026-04-19 16:53:41.703,12,238,141,97,True,False,True,False,False,True,severe_delay
AI083,AI,17,20260419,2026-04-19 12:54:41.702,2026-04-19 13:37:41.702,12,43,176,-133,False,True,False,False,False,False,
SJ166,SJ,14,20260419,2026-04-19 12:51:41.703,2026-04-19 16:18:41.703,12,207,150,57,True,False,False,False,False,False,
SJ027,SJ,10,20260419,2026-04-19 12:50:41.701,2026-04-19 17:13:41.701,12,263,180,83,True,False,False,False,False,False,
6F134,6F,5,20260419,2026-04-19 12:47:41.702,2026-04-19 14:06:41.702,12,79,219,-140,False,True,False,False,False,False,
UK225,UK,26,20260419,2026-04-19 12:46:41.704,2026-04-19 15:02:41.704,12,136,177,-41,False,True,False,False,False,False,
SJ175,SJ,26,20260419,2026-04-19 12:46:41.703,2026-04-19 16:50:41.703,12,244,177,67,True,False,False,False,False,False,
AI182,AI,24,20260419,2026-04-19 12:41:41.703,2026-04-19 17:14:41.703,12,273,196,77,True,False,False,False,False,False,
AI190,AI,7,20260419,2026-04-19 12:38:41.703,2026-04-19 15:56:41.703,12,198,170,28,False,False,False,False,False,False,
AI120,AI,28,20260419,2026-04-19 12:12:41.702,2026-04-19 14:18:41.702,12,126,132,-6,False,False,False,False,False,False,
6F132,6F,27,20260419,2026-04-19 12:00:41.702,2026-04-19 13:00:42.000,12,60,173,-113,False,True,False,False,False,False,
UK102,UK,23,20260419,2026-04-19 11:58:41.702,2026-04-19 14:01:41.702,11,123,177,-54,False,True,False,False,False,False,
AI045,AI,25,20260419,2026-04-19 11:58:41.701,2026-04-19 14:37:41.701,11,159,141,18,False,False,False,False,False,False,
UK136,UK,23,20260419,2026-04-19 11:43:41.703,2026-04-19 15:26:41.703,11,223,177,46,True,False,False,False,False,False,
SJ238,SJ,26,20260419,2026-04-19 11:41:41.704,2026-04-19 15:39:41.704,11,238,177,61,True,False,False,False,False,False,
AI193,AI,30,20260419,2026-04-19 11:33:41.703,2026-04-19 16:07:41.703,11,274,164,110,True,False,True,False,False,True,severe_delay
6F001,6F,22,20260419,2026-04-19 11:33:41.700,2026-04-19 13:08:41.700,11,95,150,-55,False,True,False,False,False,False,
6F211,6F,26,20260419,2026-04-19 11:29:41.703,2026-04-19 16:20:41.703,11,291,177,114,True,False,True,False,False,True,severe_delay
SJ199,SJ,22,20260419,2026-04-19 11:29:41.703,2026-04-19 13:59:41.703,11,150,150,0,False,False,False,False,False,False,
SJ050,SJ,23,20260419,2026-04-19 11:24:41.701,2026-04-19 12:03:41.701,11,39,177,-138,False,True,False,False,False,False,
UK115,UK,1,20260419,2026-04-19 11:20:41.702,2026-04-19 13:20:42.000,11,120,140,-20,False,False,False,False,False,False,
AI037,AI,6,20260419,2026-04-19 11:14:41.701,2026-04-19 15:13:41.701,11,239,170,69,True,False,False,False,False,False,
6F235,6F,25,20260419,2026-04-19 11:06:41.704,2026-04-19 13:51:41.704,11,165,141,24,False,False,False,False,False,False,
UK111,UK,26,20260419,2026-04-19 11:06:41.702,2026-04-19 12:20:41.702,11,74,177,-103,False,True,False,False,False,False,
6F005,6F,10,20260419,2026-04-19 11:04:41.701,2026-04-19 15:27:41.701,11,263,180,83,True,False,False,False,False,False,
AI198,AI,15,20260419,2026-04-19 10:56:41.703,2026-04-19 14:19:41.703,10,203,165,38,True,False,False,False,False,False,
UK184,UK,30,20260419,2026-04-19 10:49:41.703,2026-04-19 13:00:41.703,10,131,164,-33,False,True,False,False,False,False,
6F219,6F,29,20260419,2026-04-19 10:32:41.704,2026-04-19 14:37:41.704,10,245,176,69,True,False,False,False,False,False,
UK066,UK,7,20260419,2026-04-19 10:29:41.701,2026-04-19 12:07:41.701,10,98,170,-72,False,True,False,False,False,False,
6F220,6F,22,20260419,2026-04-19 10:27:41.704,2026-04-19 11:25:41.704,10,58,150,-92,False,True,False,False,False,False,
AI180,AI,7,20260419,2026-04-19 10:19:41.703,2026-04-19 11:00:41.703,10,41,170,-129,False,True,False,False,False,False,
6F098,6F,5,20260419,2026-04-19 10:18:41.702,2026-04-19 12:49:41.702,10,151,219,-68,False,True,False,False,False,False,
AI141,AI,3,20260419,2026-04-19 10:16:41.702,2026-04-19 14:53:41.702,10,277,125,152,True,False,True,False,False,True,severe_delay
SJ170,SJ,1,20260419,2026-04-19 10:11:41.703,2026-04-19 11:56:41.703,10,105,140,-35,False,True,False,False,False,False,
SJ178,SJ,9,20260419,2026-04-19 09:58:41.703,2026-04-19 12:27:41.703,9,149,208,-59,False,True,False,False,False,False,
6F172,6F,6,20260419,2026-04-19 09:53:41.703,2026-04-19 14:46:41.703,9,293,170,123,True,False,True,False,False,True,severe_delay
UK220,UK,1,20260419,2026-04-19 09:51:41.704,2026-04-19 13:25:41.704,9,214,140,74,True,False,False,False,False,False,
SJ148,SJ,16,20260419,2026-04-19 09:51:41.702,2026-04-19 13:41:41.702,9,230,191,39,True,False,False,False,False,False,
UK065,UK,7,20260419,2026-04-19 09:38:41.701,2026-04-19 13:46:41.701,9,248,170,78,True,False,False,False,False,False,
6F243,6F,9,20260419,2026-04-19 09:37:41.704,2026-04-19 10:33:41.704,9,56,208,-152,False,True,False,False,False,False,
SJ193,SJ,13,20260419,2026-04-19 09:37:41.703,2026-04-19 12:16:41.703,9,159,140,19,False,False,False,False,False,False,
UK056,UK,25,20260419,2026-04-19 09:29:41.701,2026-04-19 10:15:41.701,9,46,141,-95,False,True,False,False,False,False,
AI219,AI,3,20260419,2026-04-19 09:28:41.703,2026-04-19 11:27:41.703,9,119,125,-6,False,False,False,False,False,False,
SJ073,SJ,11,20260419,2026-04-19 09:26:41.701,2026-04-19 11:14:41.701,9,108,167,-59,False,True,False,False,False,False,
6F052,6F,7,20260419,2026-04-19 09:13:41.701,2026-04-19 12:02:41.701,9,169,170,-1,False,False,False,False,False,False,
SJ201,SJ,3,20260419,2026-04-19 09:10:41.703,2026-04-19 11:12:41.703,9,122,125,-3,False,False,False,False,False,False,
UK028,UK,25,20260419,2026-04-19 09:02:41.701,2026-04-19 10:37:41.701,9,95,141,-46,False,True,False,False,False,False,
SJ119,SJ,7,20260419,2026-04-19 08:53:41.702,2026-04-19 11:29:41.702,8,156,170,-14,False,False,False,False,False,False,
AI165,AI,18,20260419,2026-04-19 08:51:41.703,2026-04-19 10:31:41.703,8,100,144,-44,False,True,False,False,False,False,
AI255,AI,28,20260419,2026-04-19 08:45:41.704,2026-04-19 13:12:41.704,8,267,132,135,True,False,True,False,False,True,severe_delay
AI202,AI,21,20260419,2026-04-19 08:44:41.703,2026-04-19 10:53:41.703,8,129,136,-7,False,False,False,False,False,False,
SJ039,SJ,27,20260419,2026-04-19 08:41:41.701,2026-04-19 12:08:41.701,8,207,173,34,True,False,False,False,False,False,
SJ051,SJ,6,20260419,2026-04-19 08:40:41.701,2026-04-19 12:18:41.701,8,218,170,48,True,False,False,False,False,False,
UK024,UK,26,20260419,2026-04-19 08:29:41.701,2026-04-19 13:29:41.701,8,300,177,123,True,False,True,False,True,True,severe_delay;duration_outlier
SJ006,SJ,21,20260419,2026-04-19 08:25:41.701,2026-04-19 08:57:41.701,8,32,136,-104,False,True,False,False,True,True,duration_outlier
AI207,AI,10,20260419,2026-04-19 08:24:41.703,2026-04-19 11:23:41.703,8,179,180,-1,False,False,False,False,False,False,
SJ168,SJ,12,20260419,2026-04-19 08:17:41.703,2026-04-19 12:29:41.703,8,252,174,78,True,False,False,False,False,False,
AI028,AI,22,20260419,2026-04-19 07:53:41.701,2026-04-19 08:35:41.701,7,42,150,-108,False,True,False,False,False,False,
6F094,6F,1,20260419,2026-04-19 07:37:41.702,2026-04-19 09:06:41.702,7,89,140,-51,False,True,False,False,False,False,
6F024,6F,8,20260419,2026-04-19 07:31:41.701,2026-04-19 11:17:41.701,7,226,157,69,True,False,False,False,False,False,
6F061,6F,27,20260419,2026-04-19 07:28:41.701,2026-04-19 08:09:41.701,7,41,173,-132,False,True,False,False,False,False,
AI032,AI,26,20260419,2026-04-19 07:26:41.701,2026-04-19 09:26:42.000,7,120,177,-57,False,True,False,False,False,False,
UK163,UK,19,20260419,2026-04-19 07:22:41.703,2026-04-19 09:04:41.703,7,102,177,-75,False,True,False,False,False,False,
SJ067,SJ,26,20260419,2026-04-19 07:17:41.701,2026-04-19 08:16:41.701,7,59,177,-118,False,True,False,False,False,False,
SJ106,SJ,13,20260419,2026-04-19 07:16:41.702,2026-04-19 09:40:41.702,7,144,140,4,False,False,False,False,False,False,
AI086,AI,14,20260419,2026-04-19 07:13:41.702,2026-04-19 10:09:41.702,7,176,150,26,False,False,False,False,False,False,
6F263,6F,19,20260419,2026-04-19 07:07:41.703,2026-04-19 08:30:41.703,7,83,177,-94,False,True,False,False,False,False,
6F163,6F,27,20260419,2026-04-19 06:49:41.703,2026-04-19 10:46:41.703,6,237,173,64,True,False,False,False,False,False,
SJ064,SJ,13,20260419,2026-04-19 06:29:41.701,2026-04-19 08:43:41.701,6,134,140,-6,False,False,False,False,False,False,
UK118,UK,21,20260419,2026-04-19 06:22:41.702,2026-04-19 07:22:42.000,6,60,136,-76,False,True,False,False,False,False,
UK022,UK,19,20260419,2026-04-19 06:22:41.701,2026-04-19 10:59:41.701,6,277,177,100,True,False,True,False,False,True,severe_delay
UK099,UK,10,20260419,2026-04-19 06:16:41.702,2026-04-19 10:24:41.702,6,248,180,68,True,False,False,False,False,False,
6F212,6F,2,20260419,2026-04-19 06:10:41.703,2026-04-19 10:52:41.703,6,282,97,185,True,False,True,False,False,True,severe_delay
AI023,AI,21,20260419,2026-04-19 06:10:41.701,2026-04-19 09:35:41.701,6,205,136,69,True,False,False,False,False,False,
SJ245,SJ,8,20260419,2026-04-19 06:07:41.704,2026-04-19 09:39:41.704,6,212,157,55,True,False,False,False,False,False,
6F066,6F,4,20260419,2026-04-19 06:07:41.701,2026-04-19 07:43:41.701,6,96,167,-71,False,True,False,False,False,False,
AI138,AI,18,20260419,2026-04-19 05:50:41.702,2026-04-19 06:40:41.702,5,50,144,-94,False,True,False,False,False,False,
SJ021,SJ,21,20260419,2026-04-19 05:48:41.701,2026-04-19 09:46:41.701,5,238,136,102,True,False,True,False,False,True,severe_delay
SJ136,SJ,21,20260419,2026-04-19 05:45:41.702,2026-04-19 08:04:41.702,5,139,136,3,False,False,False,False,False,False,
AI148,AI,25,20260419,2026-04-19 05:41:41.703,2026-04-19 08:32:41.703,5,171,141,30,False,False,False,False,False,False,
SJ014,SJ,9,20260419,2026-04-19 05:40:41.701,2026-04-19 06:39:41.701,5,59,208,-149,False,True,False,False,False,False,
6F104,6F,12,20260419,2026-04-19 05:39:41.702,2026-04-19 06:14:41.702,5,35,174,-139,False,True,False,False,False,False,
SJ121,SJ,13,20260419,2026-04-19 05:32:41.702,2026-04-19 06:47:41.702,5,75,140,-65,False,True,False,False,False,False,
UK174,UK,13,20260419,2026-04-19 05:27:41.703,2026-04-19 07:47:41.703,5,140,140,0,False,False,False,False,False,False,
AI033,AI,28,20260419,2026-04-19 05:25:41.701,2026-04-19 10:21:41.701,5,296,132,164,True,False,True,False,False,True,severe_delay
SJ122,SJ,12,20260419,2026-04-19 05:22:41.702,2026-04-19 10:09:41.702,5,287,174,113,True,False,True,False,False,True,severe_delay
UK095,UK,10,20260419,2026-04-19 05:22:41.702,2026-04-19 07:36:41.702,5,134,180,-46,False,True,False,False,False,False,
SJ026,SJ,15,20260419,2026-04-19 05:22:41.701,2026-04-19 09:40:41.701,5,258,165,93,True,False,True,False,False,True,severe_delay
6F221,6F,29,20260419,2026-04-19 05:20:41.704,2026-04-19 08:52:41.704,5,212,176,36,True,False,False,False,False,False,
SJ103,SJ,26,20260419,2026-04-19 05:16:41.702,2026-04-19 08:56:41.702,5,220,177,43,True,False,False,False,False,False,
SJ011,SJ,10,20260419,2026-04-19 05:14:41.701,2026-04-19 09:59:41.701,5,285,180,105,True,False,True,False,False,True,severe_delay
AI002,AI,21,20260419,2026-04-19 05:12:41.700,2026-04-19 07:12:41.700,5,120,136,-16,False,False,False,False,False,False,
AI046,AI,17,20260419,2026-04-19 05:09:41.701,2026-04-19 08:00:41.701,5,171,176,-5,False,False,False,False,False,False,
SJ053,SJ,13,20260419,2026-04-19 05:00:41.701,2026-04-19 06:38:41.701,5,98,140,-42,False,True,False,False,False,False,
AI236,AI,17,20260419,2026-04-19 04:52:41.704,2026-04-19 09:11:41.704,4,259,176,83,True,False,False,False,False,False,
AI254,AI,14,20260419,2026-04-19 04:46:41.704,2026-04-19 08:06:41.704,4,200,150,50,True,False,False,False,False,False,
6F063,6F,19,20260419,2026-04-19 04:42:41.701,2026-04-19 07:31:41.701,4,169,177,-8,False,False,False,False,False,False,
6F115,6F,26,20260419,2026-04-19 04:41:41.702,2026-04-19 06:23:41.702,4,102,177,-75,False,True,False,False,False,False,
UK070,UK,8,20260419,2026-04-19 04:36:41.701,2026-04-19 06:49:41.701,4,133,157,-24,False,False,False,False,False,False,
SJ147,SJ,2,20260419,2026-04-19 04:30:41.702,2026-04-19 08:52:41.702,4,262,97,165,True,False,True,False,False,True,severe_delay
UK201,UK,22,20260419,2026-04-19 04:29:41.703,2026-04-19 06:42:41.703,4,133,150,-17,False,False,False,False,False,False,
SJ234,SJ,2,20260419,2026-04-19 04:20:41.704,2026-04-19 06:23:41.704,4,123,97,26,False,False,False,False,False,False,
AI176,AI,3,20260419,2026-04-19 04:20:41.703,2026-04-19 06:25:41.703,4,125,125,0,False,False,False,False,False,False,
SJ045,SJ,20,20260419,2026-04-19 04:16:41.701,2026-04-19 09:03:41.701,4,287,184,103,True,False,True,False,False,True,severe_delay
SJ174,SJ,13,20260419,2026-04-19 04:09:41.703,2026-04-19 05:04:41.703,4,55,140,-85,False,True,False,False,False,False,
AI007,AI,29,20260419,2026-04-19 04:01:41.701,2026-04-19 06:01:42.000,4,120,176,-56,False,True,False,False,False,False,
AI143,AI,13,20260419,2026-04-19 03:58:41.702,2026-04-19 04:36:41.702,3,38,140,-102,False,True,False,False,False,False,
SJ241,SJ,19,20260419,2026-04-19 03:57:41.704,2026-04-19 06:36:41.704,3,159,177,-18,False,False,False,False,False,False,
AI020,AI,6,20260419,2026-04-19 03:53:41.701,2026-04-19 06:21:41.701,3,148,170,-22,False,False,False,False,False,False,
UK031,UK,13,20260419,2026-04-19 03:45:41.701,2026-04-19 07:20:41.701,3,215,140,75,True,False,False,False,False,False,
AI013,AI,21,20260419,2026-04-19 03:41:41.701,2026-04-19 04:58:41.701,3,77,136,-59,False,True,False,False,False,False,
AI249,AI,4,20260419,2026-04-19 03:38:41.704,2026-04-19 06:27:41.704,3,169,167,2,False,False,False,False,False,False,
UK046,UK,13,20260419,2026-04-19 03:37:41.701,2026-04-19 06:05:41.701,3,148,140,8,False,False,False,False,False,False,
UK168,UK,2,20260419,2026-04-19 03:20:41.703,2026-04-19 04:09:41.703,3,49,97,-48,False,True,False,False,False,False,
AI022,AI,10,20260419,2026-04-19 03:15:41.701,2026-04-19 05:10:41.701,3,115,180,-65,False,True,False,False,False,False,
UK218,UK,26,20260419,2026-04-19 03:12:41.704,2026-04-19 07:22:41.704,3,250,177,73,True,False,False,False,False,False,
UK142,UK,3,20260419,2026-04-19 03:03:41.703,2026-04-19 07:13:41.703,3,250,125,125,True,False,True,False,False,True,severe_delay
6F067,6F,26,20260419,2026-04-19 02:59:41.701,2026-04-19 06:02:41.701,2,183,177,6,False,False,False,False,False,False,
SJ217,SJ,7,20260419,2026-04-19 02:57:41.703,2026-04-19 06:04:41.703,2,187,170,17,False,False,False,False,False,False,
SJ143,SJ,17,20260419,2026-04-19 02:55:41.702,2026-04-19 03:52:41.702,2,57,176,-119,False,True,False,False,False,False,
AI243,AI,1,20260419,2026-04-19 02:50:41.704,2026-04-19 05:09:41.704,2,139,140,-1,False,False,False,False,False,False,
SJ246,SJ,8,20260419,2026-04-19 02:47:41.704,2026-04-19 03:47:42.000,2,60,157,-97,False,True,False,False,False,False,
6F170,6F,24,20260419,2026-04-19 02:44:41.703,2026-04-19 04:14:41.703,2,90,196,-106,False,True,False,False,False,False,
UK157,UK,12,20260419,2026-04-19 02:41:41.703,2026-04-19 03:41:42.000,2,60,174,-114,False,True,False,False,False,False,
UK172,UK,17,20260419,2026-04-19 02:20:41.703,2026-04-19 05:21:41.703,2,181,176,5,False,False,False,False,False,False,
SJ139,SJ,16,20260419,2026-04-19 02:20:41.702,2026-04-19 06:02:41.702,2,222,191,31,True,False,False,False,False,False,
UK085,UK,29,20260419,2026-04-19 02:15:41.702,2026-04-19 03:17:41.702,2,62,176,-114,False,True,False,False,False,False,
6F079,6F,30,20260419,2026-04-19 02:14:41.702,2026-04-19 06:18:41.702,2,244,164,80,True,False,False,False,False,False,
SJ032,SJ,27,20260419,2026-04-19 02:11:41.701,2026-04-19 04:33:41.701,2,142,173,-31,False,True,False,False,False,False,
6F182,6F,7,20260419,2026-04-19 02:10:41.703,2026-04-19 04:18:41.703,2,128,170,-42,False,True,False,False,False,False,
AI106,AI,21,20260419,2026-04-19 02:07:41.702,2026-04-19 03:20:41.702,2,73,136,-63,False,True,False,False,False,False,
AI200,AI,25,20260419,2026-04-19 02:05:41.703,2026-04-19 05:29:41.703,2,204,141,63,True,False,False,False,False,False,
6F142,6F,15,20260419,2026-04-19 02:05:41.702,2026-04-19 06:04:41.702,2,239,165,74,True,False,False,False,False,False,
SJ079,SJ,24,20260419,2026-04-19 01:58:41.702,2026-04-19 05:02:41.702,1,184,196,-12,False,False,False,False,False,False,
SJ082,SJ,8,20260419,2026-04-19 01:54:41.702,2026-04-19 02:33:41.702,1,39,157,-118,False,True,False,False,False,False,
SJ110,SJ,13,20260419,2026-04-19 01:47:41.702,2026-04-19 02:20:41.702,1,33,140,-107,False,True,False,False,True,True,duration_outlier
6F262,6F,29,20260419,2026-04-19 01:44:41.702,2026-04-19 02:47:41.702,1,63,176,-113,False,True,False,False,False,False,
UK143,UK,1,20260419,2026-04-19 01:34:41.703,2026-04-19 02:48:41.703,1,74,140,-66,False,True,False,False,False,False,
6F269,6F,25,20260419,2026-04-19 01:30:41.702,2026-04-19 02:52:41.702,1,82,141,-59,False,True,False,False,False,False,
6F214,6F,7,20260419,2026-04-19 01:21:41.703,2026-04-19 05:20:41.703,1,239,170,69,True,False,False,False,False,False,
SJ213,SJ,7,20260419,2026-04-19 01:19:41.703,2026-04-19 04:48:41.703,1,209,170,39,True,False,False,False,False,False,
SJ072,SJ,19,20260419,2026-04-19 01:18:41.701,2026-04-19 04:08:41.701,1,170,177,-7,False,False,False,False,False,False,
6F059,6F,8,20260419,2026-04-19 01:12:41.701,2026-04-19 06:02:41.701,1,290,157,133,True,False,True,False,False,True,severe_delay
UK202,UK,19,20260419,2026-04-19 01:11:41.703,2026-04-19 05:37:41.703,1,266,177,89,True,False,False,False,False,False,
UK037,UK,1,20260419,2026-04-19 01:10:41.701,2026-04-19 05:12:41.701,1,242,140,102,True,False,True,False,False,True,severe_delay
UK069,UK,13,20260419,2026-04-19 01:10:41.701,2026-04-19 03:23:41.701,1,133,140,-7,False,False,False,False,False,False,
SJ118,SJ,17,20260419,2026-04-19 01:08:41.702,2026-04-19 02:33:41.702,1,85,176,-91,False,True,False,False,False,False,
6F145,6F,13,20260419,2026-04-19 01:02:41.703,2026-04-19 02:18:41.703,1,76,140,-64,False,True,False,False,False,False,
UK097,UK,22,20260419,2026-04-19 00:49:41.702,2026-04-19 05:00:41.702,0,251,150,101,True,False,True,False,False,True,severe_delay
6F117,6F,13,20260419,2026-04-19 00:46:41.702,2026-04-19 01:51:41.702,0,65,140,-75,False,True,False,False,False,False,
6F226,6F,17,20260419,2026-04-19 00:38:41.704,2026-04-19 02:55:41.704,0,137,176,-39,False,True,False,False,False,False,
6F050,6F,17,20260419,2026-04-19 00:35:41.701,2026-04-19 04:32:41.701,0,237,176,61,True,False,False,False,False,False,
UK196,UK,9,20260419,2026-04-19 00:32:41.703,2026-04-19 04:49:41.703,0,257,208,49,True,False,False,False,False,False,
SJ086,SJ,13,20260419,2026-04-19 00:32:41.702,2026-04-19 04:17:41.702,0,225,140,85,True,False,False,False,False,False,
AI134,AI,22,20260419,2026-04-19 00:28:41.702,2026-04-19 04:23:41.702,0,235,150,85,True,False,False,False,False,False,
AI043,AI,13,20260419,2026-04-19 00:28:41.701,2026-04-19 04:37:41.701,0,249,140,109,True,False,True,False,False,True,severe_delay
UK119,UK,7,20260419,2026-04-19 00:21:41.702,2026-04-19 04:38:41.702,0,257,170,87,True,False,False,False,False,False,
SJ181,SJ,6,20260419,2026-04-19 00:20:41.703,2026-04-19 01:49:41.703,0,89,170,-81,False,True,False,False,False,False,
AI070,AI,13,20260419,2026-04-19 00:05:41.702,2026-04-19 01:44:41.702,0,99,140,-41,False,True,False,False,False,False,
6F233,6F,1,20260418,2026-04-18 23:56:41.704,2026-04-19 03:53:41.704,23,237,140,97,True,False,True,True,False,True,severe_delay;overnight
UK013,UK,10,20260418,2026-04-18 23:52:41.701,2026-04-19 02:52:41.701,23,180,180,0,False,False,False,True,False,True,overnight
6F015,6F,7,20260418,2026-04-18 23:39:41.701,2026-04-19 02:27:41.701,23,168,170,-2,False,False,False,True,False,True,overnight
SJ247,SJ,17,20260418,2026-04-18 23:38:41.704,2026-04-19 03:43:41.704,23,245,176,69,True,False,False,True,False,True,overnight
AI067,AI,24,20260418,2026-04-18 23:36:41.701,2026-04-19 03:09:41.701,23,213,196,17,False,False,False,True,False,True,overnight
AI211,AI,18,20260418,2026-04-18 23:34:41.703,2026-04-19 01:21:41.703,23,107,144,-37,False,True,False,True,False,True,overnight
UK029,UK,17,20260418,2026-04-18 23:26:41.701,2026-04-19 02:15:41.701,23,169,176,-7,False,False,False,True,False,True,overnight
SJ200,SJ,8,20260418,2026-04-18 23:24:41.703,2026-04-19 02:11:41.703,23,167,157,10,False,False,False,True,False,True,overnight
6F087,6F,19,20260418,2026-04-18 23:24:41.702,2026-04-19 03:10:41.702,23,226,177,49,True,False,False,True,False,True,overnight
SJ210,SJ,23,20260418,2026-04-18 23:21:41.703,2026-04-19 02:54:41.703,23,213,177,36,True,False,False,True,False,True,overnight
AI101,AI,16,20260418,2026-04-18 23:20:41.702,2026-04-19 02:23:41.702,23,183,191,-8,False,False,False,True,False,True,overnight
UK075,UK,28,20260418,2026-04-18 23:15:41.702,2026-04-19 03:54:41.702,23,279,132,147,True,False,True,True,False,True,severe_delay;overnight
SJ091,SJ,2,20260418,2026-04-18 23:10:41.702,2026-04-19 00:47:41.702,23,97,97,0,False,False,False,True,False,True,overnight
AI251,AI,29,20260418,2026-04-18 22:40:41.704,2026-04-18 23:24:41.704,22,44,176,-132,False,True,False,False,False,False,
SJ042,SJ,23,20260418,2026-04-18 22:38:41.701,2026-04-19 02:20:41.701,22,222,177,45,True,False,False,True,False,True,overnight
UK126,UK,13,20260418,2026-04-18 22:37:41.702,2026-04-19 00:03:41.702,22,86,140,-54,False,True,False,True,False,True,overnight
6F042,6F,24,20260418,2026-04-18 22:35:41.701,2026-04-19 02:41:41.701,22,246,196,50,True,False,False,True,False,True,overnight
AI116,AI,12,20260418,2026-04-18 22:30:41.702,2026-04-19 01:57:41.702,22,207,174,33,True,False,False,True,False,True,overnight
SJ209,SJ,1,20260418,2026-04-18 22:22:41.703,2026-04-19 02:03:41.703,22,221,140,81,True,False,False,True,False,True,overnight
AI123,AI,27,20260418,2026-04-18 22:19:41.702,2026-04-19 00:45:41.702,22,146,173,-27,False,False,False,True,False,True,overnight
6F016,6F,22,20260418,2026-04-18 22:18:41.701,2026-04-18 22:54:41.701,22,36,150,-114,False,True,False,False,False,False,
UK012,UK,27,20260418,2026-04-18 22:16:41.701,2026-04-19 00:25:41.701,22,129,173,-44,False,True,False,True,False,True,overnight
SJ188,SJ,1,20260418,2026-04-18 22:15:41.703,2026-04-18 22:55:41.703,22,40,140,-100,False,True,False,False,False,False,
UK096,UK,4,20260418,2026-04-18 22:11:41.702,2026-04-19 00:06:41.702,22,115,167,-52,False,True,False,True,False,True,overnight
SJ046,SJ,10,20260418,2026-04-18 22:01:41.701,2026-04-19 01:25:41.701,22,204,180,24,False,False,False,True,False,True,overnight
UK081,UK,3,20260418,2026-04-18 22:00:41.702,2026-04-18 23:00:41.702,22,60,125,-65,False,True,False,False,False,False,
UK191,UK,26,20260418,2026-04-18 21:51:41.703,2026-04-18 22:57:41.703,21,66,177,-111,False,True,False,False,False,False,
6F064,6F,13,20260418,2026-04-18 21:45:41.701,2026-04-18 22:50:41.701,21,65,140,-75,False,True,False,False,False,False,
AI005,AI,18,20260418,2026-04-18 21:24:41.701,2026-04-18 22:11:41.701,21,47,144,-97,False,True,False,False,False,False,
6F021,6F,5,20260418,2026-04-18 21:23:41.701,2026-04-19 01:25:41.701,21,242,219,23,False,False,False,True,False,True,overnight
AI169,AI,13,20260418,2026-04-18 21:21:41.703,2026-04-19 01:34:41.703,21,253,140,113,True,False,True,True,False,True,severe_delay;overnight
UK035,UK,22,20260418,2026-04-18 21:08:41.701,2026-04-18 22:24:41.701,21,76,150,-74,False,True,False,False,False,False,
AI040,AI,21,20260418,2026-04-18 21:01:41.701,2026-04-18 22:42:41.701,21,101,136,-35,False,True,False,False,False,False,
UK042,UK,27,20260418,2026-04-18 20:59:41.701,2026-04-19 01:38:41.701,20,279,173,106,True,False,True,True,False,True,severe_delay;overnight
SJ171,SJ,19,20260418,2026-04-18 20:52:41.703,2026-04-18 23:52:41.703,20,180,177,3,False,False,False,False,False,False,
AI250,AI,7,20260418,2026-04-18 20:48:41.704,2026-04-19 00:12:41.704,20,204,170,34,True,False,False,True,False,True,overnight
SJ195,SJ,7,20260418,2026-04-18 20:41:41.703,2026-04-18 23:54:41.703,20,193,170,23,False,False,False,False,False,False,
UK211,UK,28,20260418,2026-04-18 20:39:41.704,2026-04-18 22:02:41.704,20,83,132,-49,False,True,False,False,False,False,
UK122,UK,23,20260418,2026-04-18 20:29:42.000,2026-04-18 23:29:42.000,20,180,177,3,False,False,False,False,False,False,
AI136,AI,3,20260418,2026-04-18 20:29:41.702,2026-04-18 23:48:41.702,20,199,125,74,True,False,False,False,False,False,
6F141,6F,7,20260418,2026-04-18 20:26:41.702,2026-04-18 22:28:41.702,20,122,170,-48,False,True,False,False,False,False,
6F053,6F,19,20260418,2026-04-18 20:26:41.701,2026-04-19 00:39:41.701,20,253,177,76,True,False,False,True,False,True,overnight
6F136,6F,13,20260418,2026-04-18 20:24:41.702,2026-04-18 21:01:41.702,20,37,140,-103,False,True,False,False,False,False,
6F009,6F,2,20260418,2026-04-18 20:21:41.701,2026-04-18 23:36:41.701,20,195,97,98,True,False,True,False,False,True,severe_delay
6F023,6F,26,20260418,2026-04-18 20:18:41.701,2026-04-19 00:14:41.701,20,236,177,59,True,False,False,True,False,True,overnight
UK006,UK,28,20260418,2026-04-18 20:16:41.701,2026-04-18 21:55:41.701,20,99,132,-33,False,True,False,False,False,False,
SJ165,SJ,12,20260418,2026-04-18 20:08:41.703,2026-04-18 23:18:41.703,20,190,174,16,False,False,False,False,False,False,
6F189,6F,26,20260418,2026-04-18 20:08:41.703,2026-04-18 21:51:41.703,20,103,177,-74,False,True,False,False,False,False,
AI131,AI,27,20260418,2026-04-18 19:55:41.702,2026-04-18 22:35:41.702,19,160,173,-13,False,False,False,False,False,False,
6F004,6F,7,20260418,2026-04-18 19:53:41.701,2026-04-18 23:33:41.701,19,220,170,50,True,False,False,False,False,False,
AI027,AI,10,20260418,2026-04-18 19:41:41.701,2026-04-18 23:23:41.701,19,222,180,42,True,False,False,False,False,False,
AI238,AI,15,20260418,2026-04-18 19:25:41.704,2026-04-19 00:07:41.704,19,282,165,117,True,False,True,True,False,True,severe_delay;overnight
SJ105,SJ,9,20260418,2026-04-18 19:22:41.702,2026-04-18 22:48:41.702,19,206,208,-2,False,False,False,False,False,False,
UK088,UK,26,20260418,2026-04-18 19:16:41.702,2026-04-18 23:36:41.702,19,260,177,83,True,False,False,False,False,False,
6F035,6F,14,20260418,2026-04-18 19:16:41.701,2026-04-18 23:40:41.701,19,264,150,114,True,False,True,False,False,True,severe_delay
AI133,AI,18,20260418,2026-04-18 19:12:41.702,2026-04-18 21:32:41.702,19,140,144,-4,False,False,False,False,False,False,
AI001,AI,19,20260418,2026-04-18 19:00:41.700,2026-04-18 22:03:41.700,19,183,177,6,False,False,False,False,False,False,
SJ133,SJ,7,20260418,2026-04-18 18:50:41.702,2026-04-18 21:29:41.702,18,159,170,-11,False,False,False,False,False,False,
SJ216,SJ,7,20260418,2026-04-18 18:35:41.703,2026-04-18 21:31:41.703,18,176,170,6,False,False,False,False,False,False,
SJ225,SJ,19,20260418,2026-04-18 18:16:41.704,2026-04-18 20:53:41.704,18,157,177,-20,False,False,False,False,False,False,
AI147,AI,23,20260418,2026-04-18 18:14:41.703,2026-04-18 20:10:41.703,18,116,177,-61,False,True,False,False,False,False,
SJ054,SJ,26,20260418,2026-04-18 18:13:41.701,2026-04-18 22:46:41.701,18,273,177,96,True,False,True,False,False,True,severe_delay
6F197,6F,6,20260418,2026-04-18 17:59:41.703,2026-04-18 22:44:41.703,17,285,170,115,True,False,True,False,False,True,severe_delay
SJ066,SJ,23,20260418,2026-04-18 17:47:41.701,2026-04-18 19:03:41.701,17,76,177,-101,False,True,False,False,False,False,
SJ183,SJ,13,20260418,2026-04-18 17:44:41.703,2026-04-18 19:40:41.703,17,116,140,-24,False,False,False,False,False,False,
SJ151,SJ,7,20260418,2026-04-18 17:44:41.702,2026-04-18 19:16:41.702,17,92,170,-78,False,True,False,False,False,False,
SJ071,SJ,15,20260418,2026-04-18 17:43:41.701,2026-04-18 19:32:41.701,17,109,165,-56,False,True,False,False,False,False,
SJ102,SJ,28,20260418,2026-04-18 17:26:41.702,2026-04-18 18:58:41.702,17,92,132,-40,False,True,False,False,False,False,
AI209,AI,2,20260418,2026-04-18 17:25:41.703,2026-04-18 18:37:41.703,17,72,97,-25,False,False,False,False,False,False,
6F111,6F,24,20260418,2026-04-18 17:09:41.702,2026-04-18 20:02:41.702,17,173,196,-23,False,False,False,False,False,False,
AI050,AI,1,20260418,2026-04-18 17:07:41.701,2026-04-18 19:42:41.701,17,155,140,15,False,False,False,False,False,False,
SJ189,SJ,21,20260418,2026-04-18 17:05:41.703,2026-04-18 22:01:41.703,17,296,136,160,True,False,True,False,False,True,severe_delay
UK112,UK,13,20260418,2026-04-18 17:05:41.702,2026-04-18 19:47:41.702,17,162,140,22,False,False,False,False,False,False,
6F171,6F,16,20260418,2026-04-18 17:03:41.703,2026-04-18 18:12:41.703,17,69,191,-122,False,True,False,False,False,False,
AI011,AI,12,20260418,2026-04-18 16:58:41.701,2026-04-18 21:01:41.701,16,243,174,69,True,False,False,False,False,False,
6F027,6F,3,20260418,2026-04-18 16:52:41.701,2026-04-18 18:21:41.701,16,89,125,-36,False,True,False,False,False,False,
UK082,UK,17,20260418,2026-04-18 16:50:41.702,2026-04-18 21:21:41.702,16,271,176,95,True,False,True,False,False,True,severe_delay
UK138,UK,16,20260418,2026-04-18 16:47:41.703,2026-04-18 19:36:41.703,16,169,191,-22,False,False,False,False,False,False,
UK198,UK,16,20260418,2026-04-18 16:43:41.703,2026-04-18 18:18:41.703,16,95,191,-96,False,True,False,False,False,False,
6F039,6F,28,20260418,2026-04-18 16:43:41.701,2026-04-18 21:01:41.701,16,258,132,126,True,False,True,False,False,True,severe_delay
6F157,6F,28,20260418,2026-04-18 16:37:41.703,2026-04-18 18:04:41.703,16,87,132,-45,False,True,False,False,False,False,
SJ024,SJ,20,20260418,2026-04-18 16:29:41.701,2026-04-18 20:21:41.701,16,232,184,48,True,False,False,False,False,False,
6F167,6F,1,20260418,2026-04-18 16:26:41.703,2026-04-18 17:50:41.703,16,84,140,-56,False,True,False,False,False,False,
AI197,AI,7,20260418,2026-04-18 16:25:41.703,2026-04-18 20:00:41.703,16,215,170,45,True,False,False,False,False,False,
SJ211,SJ,27,20260418,2026-04-18 16:22:41.703,2026-04-18 18:34:41.703,16,132,173,-41,False,True,False,False,False,False,
6F055,6F,18,20260418,2026-04-18 16:21:41.701,2026-04-18 18:49:41.701,16,148,144,4,False,False,False,False,False,False,
AI253,AI,1,20260418,2026-04-18 16:13:41.704,2026-04-18 19:51:41.704,16,218,140,78,True,False,False,False,False,False,
UK060,UK,2,20260418,2026-04-18 16:09:41.701,2026-04-18 19:42:41.701,16,213,97,116,True,False,True,False,False,True,severe_delay
6F257,6F,28,20260418,2026-04-18 16:04:41.704,2026-04-18 19:55:41.704,16,231,132,99,True,False,True,False,False,True,severe_delay
SJ135,SJ,28,20260418,2026-04-18 16:03:41.702,2026-04-18 19:48:41.702,16,225,132,93,True,False,True,False,False,True,severe_delay
AI247,AI,7,20260418,2026-04-18 15:58:41.704,2026-04-18 19:02:41.704,15,184,170,14,False,False,False,False,False,False,
UK127,UK,9,20260418,2026-04-18 15:56:41.702,2026-04-18 20:00:41.702,15,244,208,36,True,False,False,False,False,False,
AI109,AI,1,20260418,2026-04-18 15:53:41.702,2026-04-18 20:14:41.702,15,261,140,121,True,False,True,False,False,True,severe_delay
AI057,AI,7,20260418,2026-04-18 15:53:41.701,2026-04-18 19:22:41.701,15,209,170,39,True,False,False,False,False,False,
6F103,6F,15,20260418,2026-04-18 15:37:41.702,2026-04-18 18:32:41.702,15,175,165,10,False,False,False,False,False,False,
SJ144,SJ,1,20260418,2026-04-18 15:35:41.702,2026-04-18 19:12:41.702,15,217,140,77,True,False,False,False,False,False,
6F076,6F,14,20260418,2026-04-18 15:35:41.702,2026-04-18 16:20:41.702,15,45,150,-105,False,True,False,False,False,False,
6F240,6F,19,20260418,2026-04-18 15:31:41.704,2026-04-18 19:56:41.704,15,265,177,88,True,False,False,False,False,False,
UK057,UK,13,20260418,2026-04-18 15:25:41.701,2026-04-18 20:04:41.701,15,279,140,139,True,False,True,False,False,True,severe_delay
AI201,AI,2,20260418,2026-04-18 15:19:41.703,2026-04-18 16:40:41.703,15,81,97,-16,False,False,False,False,False,False,
SJ242,SJ,4,20260418,2026-04-18 14:55:41.704,2026-04-18 17:42:41.704,14,167,167,0,False,False,False,False,False,False,
6F037,6F,10,20260418,2026-04-18 14:51:41.701,2026-04-18 17:23:41.701,14,152,180,-28,False,False,False,False,False,False,
SJ132,SJ,29,20260418,2026-04-18 14:44:41.702,2026-04-18 15:36:41.702,14,52,176,-124,False,True,False,False,False,False,
AI055,AI,12,20260418,2026-04-18 14:39:41.701,2026-04-18 16:18:41.701,14,99,174,-75,False,True,False,False,False,False,
6F252,6F,26,20260418,2026-04-18 14:25:41.701,2026-04-18 18:52:41.701,14,267,177,90,True,False,False,False,False,False,
AI183,AI,18,20260418,2026-04-18 14:24:41.703,2026-04-18 16:06:41.703,14,102,144,-42,False,True,False,False,False,False,
SJ125,SJ,16,20260418,2026-04-18 14:21:41.702,2026-04-18 16:55:41.702,14,154,191,-37,False,True,False,False,False,False,
SJ087,SJ,8,20260418,2026-04-18 14:20:41.702,2026-04-18 19:09:41.702,14,289,157,132,True,False,True,False,False,True,severe_delay
UK182,UK,23,20260418,2026-04-18 14:19:41.703,2026-04-18 18:25:41.703,14,246,177,69,True,False,False,False,False,False,
AI016,AI,7,20260418,2026-04-18 14:15:41.701,2026-04-18 18:38:41.701,14,263,170,93,True,False,True,False,False,True,severe_delay
6F107,6F,11,20260418,2026-04-18 14:14:41.702,2026-04-18 17:14:42.000,14,180,167,13,False,False,False,False,False,False,
AI026,AI,17,20260418,2026-04-18 14:14:41.701,2026-04-18 15:13:41.701,14,59,176,-117,False,True,False,False,False,False,
AI177,AI,14,20260418,2026-04-18 14:11:41.703,2026-04-18 16:26:41.703,14,135,150,-15,False,False,False,False,False,False,
AI041,AI,6,20260418,2026-04-18 14:08:41.701,2026-04-18 15:59:41.701,14,111,170,-59,False,True,False,False,False,False,
6F264,6F,19,20260418,2026-04-18 14:03:41.701,2026-04-18 18:23:41.701,14,260,177,83,True,False,False,False,False,False,
6F222,6F,25,20260418,2026-04-18 14:01:41.704,2026-04-18 16:11:41.704,14,130,141,-11,False,False,False,False,False,False,
AI004,AI,25,20260418,2026-04-18 13:58:41.701,2026-04-18 18:12:41.701,13,254,141,113,True,False,True,False,False,True,severe_delay
SJ126,SJ,16,20260418,2026-04-18 13:47:41.702,2026-04-18 16:31:41.702,13,164,191,-27,False,False,False,False,False,False,
SJ220,SJ,7,20260418,2026-04-18 13:45:41.703,2026-04-18 15:21:41.703,13,96,170,-74,False,True,False,False,False,False,
AI204,AI,15,20260418,2026-04-18 13:40:41.703,2026-04-18 18:38:41.703,13,298,165,133,True,False,True,False,True,True,severe_delay;duration_outlier
UK098,UK,13,20260418,2026-04-18 13:38:41.702,2026-04-18 17:54:41.702,13,256,140,116,True,False,True,False,False,True,severe_delay
AI090,AI,28,20260418,2026-04-18 13:37:41.702,2026-04-18 16:11:41.702,13,154,132,22,False,False,False,False,False,False,
AI092,AI,12,20260418,2026-04-18 13:36:41.702,2026-04-18 16:20:41.702,13,164,174,-10,False,False,False,False,False,False,
AI049,AI,15,20260418,2026-04-18 13:35:41.701,2026-04-18 15:48:41.701,13,133,165,-32,False,True,False,False,False,False,
UK117,UK,1,20260418,2026-04-18 13:17:41.702,2026-04-18 16:54:41.702,13,217,140,77,True,False,False,False,False,False,
6F227,6F,27,20260418,2026-04-18 13:16:41.704,2026-04-18 17:41:41.704,13,265,173,92,True,False,True,False,False,True,severe_delay
AI228,AI,1,20260418,2026-04-18 13:16:41.703,2026-04-18 17:44:41.703,13,268,140,128,True,False,True,False,False,True,severe_delay
SJ164,SJ,15,20260418,2026-04-18 13:14:41.703,2026-04-18 15:14:42.000,13,120,165,-45,False,True,False,False,False,False,
AI018,AI,7,20260418,2026-04-18 13:12:41.701,2026-04-18 18:04:41.701,13,292,170,122,True,False,True,False,False,True,severe_delay
UK192,UK,24,20260418,2026-04-18 12:54:41.703,2026-04-18 13:54:42.000,12,60,196,-136,False,True,False,False,False,False,
SJ224,SJ,20,20260418,2026-04-18 12:41:41.703,2026-04-18 15:33:41.703,12,172,184,-12,False,False,False,False,False,False,
UK050,UK,8,20260418,2026-04-18 12:39:41.701,2026-04-18 13:18:41.701,12,39,157,-118,False,True,False,False,False,False,
SJ159,SJ,13,20260418,2026-04-18 12:22:41.703,2026-04-18 14:05:41.703,12,103,140,-37,False,True,False,False,False,False,
UK038,UK,28,20260418,2026-04-18 12:22:41.701,2026-04-18 15:31:41.701,12,189,132,57,True,False,False,False,False,False,
6F192,6F,11,20260418,2026-04-18 12:20:41.703,2026-04-18 16:45:41.703,12,265,167,98,True,False,True,False,False,True,severe_delay
6F173,6F,7,20260418,2026-04-18 12:19:41.703,2026-04-18 13:08:41.703,12,49,170,-121,False,True,False,False,False,False,
AI185,AI,12,20260418,2026-04-18 12:16:41.703,2026-04-18 16:18:41.703,12,242,174,68,True,False,False,False,False,False,
SJ152,SJ,8,20260418,2026-04-18 12:09:41.702,2026-04-18 13:50:41.702,12,101,157,-56,False,True,False,False,False,False,
AI215,AI,3,20260418,2026-04-18 12:07:41.703,2026-04-18 13:43:41.703,12,96,125,-29,False,False,False,False,False,False,
AI074,AI,12,20260418,2026-04-18 12:03:41.702,2026-04-18 12:50:41.702,12,47,174,-127,False,True,False,False,False,False,
6F109,6F,1,20260418,2026-04-18 12:00:41.702,2026-04-18 12:51:41.702,12,51,140,-89,False,True,False,False,False,False,
6F144,6F,22,20260418,2026-04-18 11:56:41.702,2026-04-18 15:11:41.702,11,195,150,45,True,False,False,False,False,False,
6F210,6F,24,20260418,2026-04-18 11:51:41.703,2026-04-18 15:58:41.703,11,247,196,51,True,False,False,False,False,False,
SJ111,SJ,20,20260418,2026-04-18 11:47:41.702,2026-04-18 12:59:41.702,11,72,184,-112,False,True,False,False,False,False,
UK092,UK,26,20260418,2026-04-18 11:42:41.702,2026-04-18 13:17:41.702,11,95,177,-82,False,True,False,False,False,False,
UK009,UK,8,20260418,2026-04-18 11:34:41.701,2026-04-18 13:41:41.701,11,127,157,-30,False,False,False,False,False,False,
AI170,AI,24,20260418,2026-04-18 11:27:41.703,2026-04-18 15:50:41.703,11,263,196,67,True,False,False,False,False,False,
6F154,6F,13,20260418,2026-04-18 11:26:41.703,2026-04-18 12:23:41.703,11,57,140,-83,False,True,False,False,False,False,
6F161,6F,29,20260418,2026-04-18 11:24:41.703,2026-04-18 12:21:41.703,11,57,176,-119,False,True,False,False,False,False,
UK128,UK,7,20260418,2026-04-18 11:22:41.702,2026-04-18 14:11:41.702,11,169,170,-1,False,False,False,False,False,False,
AI186,AI,17,20260418,2026-04-18 11:11:41.703,2026-04-18 13:05:41.703,11,114,176,-62,False,True,False,False,False,False,
AI099,AI,1,20260418,2026-04-18 11:07:41.702,2026-04-18 13:29:41.702,11,142,140,2,False,False,False,False,False,False,
6F203,6F,4,20260418,2026-04-18 11:05:41.703,2026-04-18 12:56:41.703,11,111,167,-56,False,True,False,False,False,False,
UK139,UK,5,20260418,2026-04-18 10:54:41.703,2026-04-18 14:31:41.703,10,217,219,-2,False,False,False,False,False,False,
SJ008,SJ,21,20260418,2026-04-18 10:53:41.701,2026-04-18 15:48:41.701,10,295,136,159,True,False,True,False,False,True,severe_delay
AI171,AI,26,20260418,2026-04-18 10:51:41.703,2026-04-18 13:34:41.703,10,163,177,-14,False,False,False,False,False,False,
6F124,6F,1,20260418,2026-04-18 10:47:41.702,2026-04-18 15:21:41.702,10,274,140,134,True,False,True,False,False,True,severe_delay
6F137,6F,13,20260418,2026-04-18 10:45:41.702,2026-04-18 15:01:41.702,10,256,140,116,True,False,True,False,False,True,severe_delay
AI008,AI,7,20260418,2026-04-18 10:43:41.701,2026-04-18 12:43:42.000,10,120,170,-50,False,True,False,False,False,False,
SJ140,SJ,24,20260418,2026-04-18 10:42:41.702,2026-04-18 14:30:41.702,10,228,196,32,True,False,False,False,False,False,
UK016,UK,18,20260418,2026-04-18 10:42:41.701,2026-04-18 11:22:41.701,10,40,144,-104,False,True,False,False,False,False,
AI127,AI,19,20260418,2026-04-18 10:37:41.702,2026-04-18 13:45:41.702,10,188,177,11,False,False,False,False,False,False,
SJ096,SJ,19,20260418,2026-04-18 10:29:41.702,2026-04-18 13:45:41.702,10,196,177,19,False,False,False,False,False,False,
6F048,6F,24,20260418,2026-04-18 10:27:41.701,2026-04-18 11:18:41.701,10,51,196,-145,False,True,False,False,False,False,
SJ090,SJ,25,20260418,2026-04-18 10:24:41.702,2026-04-18 13:11:41.702,10,167,141,26,False,False,False,False,False,False,
AI014,AI,25,20260418,2026-04-18 10:24:41.701,2026-04-18 13:51:41.701,10,207,141,66,True,False,False,False,False,False,
6F131,6F,4,20260418,2026-04-18 10:22:41.702,2026-04-18 14:20:41.702,10,238,167,71,True,False,False,False,False,False,
AI130,AI,6,20260418,2026-04-18 10:18:41.702,2026-04-18 12:59:41.702,10,161,170,-9,False,False,False,False,False,False,
UK151,UK,7,20260418,2026-04-18 10:11:41.703,2026-04-18 13:30:41.703,10,199,170,29,False,False,False,False,False,False,
6F165,6F,1,20260418,2026-04-18 10:11:41.703,2026-04-18 11:09:41.703,10,58,140,-82,False,True,False,False,False,False,
UK161,UK,1,20260418,2026-04-18 10:05:41.703,2026-04-18 12:48:41.703,10,163,140,23,False,False,False,False,False,False,
AI107,AI,23,20260418,2026-04-18 10:03:41.702,2026-04-18 10:49:41.702,10,46,177,-131,False,True,False,False,False,False,
SJ104,SJ,24,20260418,2026-04-18 10:00:41.702,2026-04-18 11:00:42.000,10,60,196,-136,False,True,False,False,False,False,
AI042,AI,13,20260418,2026-04-18 09:53:41.701,2026-04-18 10:57:41.701,9,64,140,-76,False,True,False,False,False,False,
6F266,6F,15,20260418,2026-04-18 09:49:41.703,2026-04-18 11:17:41.703,9,88,165,-77,False,True,False,False,False,False,
6F138,6F,21,20260418,2026-04-18 09:49:41.702,2026-04-18 12:53:41.702,9,184,136,48,True,False,False,False,False,False,
SJ219,SJ,8,20260418,2026-04-18 09:32:41.703,2026-04-18 14:09:41.703,9,277,157,120,True,False,True,False,False,True,severe_delay
UK197,UK,4,20260418,2026-04-18 09:22:41.703,2026-04-18 10:54:41.703,9,92,167,-75,False,True,False,False,False,False,
6F119,6F,17,20260418,2026-04-18 09:19:41.702,2026-04-18 11:33:41.702,9,134,176,-42,False,True,False,False,False,False,
SJ058,SJ,19,20260418,2026-04-18 08:58:41.701,2026-04-18 13:14:41.701,8,256,177,79,True,False,False,False,False,False,
AI218,AI,7,20260418,2026-04-18 08:55:41.703,2026-04-18 11:55:41.703,8,180,170,10,False,False,False,False,False,False,
SJ060,SJ,23,20260418,2026-04-18 08:51:41.701,2026-04-18 13:46:41.701,8,295,177,118,True,False,True,False,False,True,severe_delay
UK121,UK,1,20260418,2026-04-18 08:36:41.702,2026-04-18 12:36:41.702,8,240,140,100,True,False,True,False,False,True,severe_delay
6F208,6F,12,20260418,2026-04-18 08:27:41.703,2026-04-18 11:34:41.703,8,187,174,13,False,False,False,False,False,False,
6F153,6F,11,20260418,2026-04-18 08:23:41.703,2026-04-18 12:20:41.703,8,237,167,70,True,False,False,False,False,False,
AI117,AI,21,20260418,2026-04-18 08:18:41.702,2026-04-18 10:09:41.702,8,111,136,-25,False,False,False,False,False,False,
SJ113,SJ,1,20260418,2026-04-18 08:10:41.702,2026-04-18 10:10:42.000,8,120,140,-20,False,False,False,False,False,False,
AI191,AI,5,20260418,2026-04-18 07:57:41.703,2026-04-18 11:58:41.703,7,241,219,22,False,False,False,False,False,False,
6F267,6F,20,20260418,2026-04-18 07:56:41.703,2026-04-18 11:49:41.703,7,233,184,49,True,False,False,False,False,False,
6F185,6F,13,20260418,2026-04-18 07:49:41.703,2026-04-18 10:08:41.703,7,139,140,-1,False,False,False,False,False,False,
AI114,AI,13,20260418,2026-04-18 07:48:41.702,2026-04-18 09:03:41.702,7,75,140,-65,False,True,False,False,False,False,
6F155,6F,16,20260418,2026-04-18 07:47:41.703,2026-04-18 08:20:41.703,7,33,191,-158,False,True,False,False,True,True,duration_outlier
UK045,UK,30,20260418,2026-04-18 07:43:41.701,2026-04-18 09:28:41.701,7,105,164,-59,False,True,False,False,False,False,
AI111,AI,28,20260418,2026-04-18 07:40:41.702,2026-04-18 10:39:41.702,7,179,132,47,True,False,False,False,False,False,
AI156,AI,12,20260418,2026-04-18 07:39:41.703,2026-04-18 09:22:41.703,7,103,174,-71,False,True,False,False,False,False,
SJ128,SJ,11,20260418,2026-04-18 07:39:41.702,2026-04-18 10:42:41.702,7,183,167,16,False,False,False,False,False,False,
AI104,AI,30,20260418,2026-04-18 07:35:41.702,2026-04-18 09:20:41.702,7,105,164,-59,False,True,False,False,False,False,
6F225,6F,23,20260418,2026-04-18 07:33:41.704,2026-04-18 12:12:41.704,7,279,177,102,True,False,True,False,False,True,severe_delay
6F033,6F,19,20260418,2026-04-18 07:08:41.701,2026-04-18 09:08:41.701,7,120,177,-57,False,True,False,False,False,False,
6F244,6F,28,20260418,2026-04-18 07:07:41.704,2026-04-18 08:31:41.704,7,84,132,-48,False,True,False,False,False,False,
UK137,UK,10,20260418,2026-04-18 07:04:41.703,2026-04-18 09:14:41.703,7,130,180,-50,False,True,False,False,False,False,
AI063,AI,21,20260418,2026-04-18 07:03:41.701,2026-04-18 11:26:41.701,7,263,136,127,True,False,True,False,False,True,severe_delay
SJ156,SJ,8,20260418,2026-04-18 06:59:41.703,2026-04-18 07:34:41.703,6,35,157,-122,False,True,False,False,False,False,
UK125,UK,22,20260418,2026-04-18 06:58:41.702,2026-04-18 11:44:41.702,6,286,150,136,True,False,True,False,False,True,severe_delay
AI232,AI,16,20260418,2026-04-18 06:43:41.704,2026-04-18 10:13:41.704,6,210,191,19,False,False,False,False,False,False,
AI167,AI,3,20260418,2026-04-18 06:43:41.703,2026-04-18 11:10:41.703,6,267,125,142,True,False,True,False,False,True,severe_delay
UK160,UK,1,20260418,2026-04-18 06:42:41.703,2026-04-18 10:58:41.703,6,256,140,116,True,False,True,False,False,True,severe_delay
UK129,UK,25,20260418,2026-04-18 06:29:41.702,2026-04-18 07:29:42.000,6,60,141,-81,False,True,False,False,False,False,
SJ230,SJ,7,20260418,2026-04-18 06:22:41.704,2026-04-18 10:57:41.704,6,275,170,105,True,False,True,False,False,True,severe_delay
SJ056,SJ,24,20260418,2026-04-18 06:11:41.701,2026-04-18 07:10:41.701,6,59,196,-137,False,True,False,False,False,False,
SJ137,SJ,13,20260418,2026-04-18 06:08:41.702,2026-04-18 10:14:41.702,6,246,140,106,True,False,True,False,False,True,severe_delay
6F081,6F,26,20260418,2026-04-18 06:04:41.702,2026-04-18 07:43:41.702,6,99,177,-78,False,True,False,False,False,False,
6F088,6F,11,20260418,2026-04-18 05:51:41.702,2026-04-18 08:22:41.702,5,151,167,-16,False,False,False,False,False,False,
6F121,6F,25,20260418,2026-04-18 05:44:41.702,2026-04-18 10:42:41.702,5,298,141,157,True,False,True,False,True,True,severe_delay;duration_outlier
UK214,UK,24,20260418,2026-04-18 05:30:41.704,2026-04-18 09:10:41.704,5,220,196,24,False,False,False,False,False,False,
6F060,6F,16,20260418,2026-04-18 05:29:41.701,2026-04-18 07:29:42.000,5,120,191,-71,False,True,False,False,False,False,
SJ101,SJ,13,20260418,2026-04-18 05:17:41.702,2026-04-18 06:57:41.702,5,100,140,-40,False,True,False,False,False,False,
AI017,AI,12,20260418,2026-04-18 05:15:41.701,2026-04-18 08:48:41.701,5,213,174,39,True,False,False,False,False,False,
6F120,6F,1,20260418,2026-04-18 05:14:41.702,2026-04-18 06:14:41.702,5,60,140,-80,False,True,False,False,False,False,
6F217,6F,1,20260418,2026-04-18 05:13:41.704,2026-04-18 08:01:41.704,5,168,140,28,False,False,False,False,False,False,
AI194,AI,26,20260418,2026-04-18 05:09:41.703,2026-04-18 09:38:41.703,5,269,177,92,True,False,True,False,False,True,severe_delay
AI095,AI,20,20260418,2026-04-18 05:00:41.702,2026-04-18 08:18:41.702,5,198,184,14,False,False,False,False,False,False,
SJ190,SJ,7,20260418,2026-04-18 04:57:41.703,2026-04-18 09:25:41.703,4,268,170,98,True,False,True,False,False,True,severe_delay
6F139,6F,25,20260418,2026-04-18 04:55:41.702,2026-04-18 08:17:41.702,4,202,141,61,True,False,False,False,False,False,
6F062,6F,13,20260418,2026-04-18 04:55:41.701,2026-04-18 06:22:41.701,4,87,140,-53,False,True,False,False,False,False,
UK011,UK,13,20260418,2026-04-18 04:41:41.701,2026-04-18 06:25:41.701,4,104,140,-36,False,True,False,False,False,False,
6F100,6F,6,20260418,2026-04-18 04:40:41.702,2026-04-18 07:49:41.702,4,189,170,19,False,False,False,False,False,False,
6F228,6F,25,20260418,2026-04-18 04:36:41.704,2026-04-18 09:27:41.704,4,291,141,150,True,False,True,False,False,True,severe_delay
UK033,UK,24,20260418,2026-04-18 04:34:41.701,2026-04-18 09:18:41.701,4,284,196,88,True,False,False,False,False,False,
SJ231,SJ,16,20260418,2026-04-18 04:23:41.704,2026-04-18 05:48:41.704,4,85,191,-106,False,True,False,False,False,False,
AI166,AI,7,20260418,2026-04-18 04:20:41.703,2026-04-18 07:23:41.703,4,183,170,13,False,False,False,False,False,False,
SJ176,SJ,17,20260418,2026-04-18 04:15:41.703,2026-04-18 06:17:41.703,4,122,176,-54,False,True,False,False,False,False,
SJ065,SJ,26,20260418,2026-04-18 04:10:41.701,2026-04-18 06:54:41.701,4,164,177,-13,False,False,False,False,False,False,
6F160,6F,26,20260418,2026-04-18 04:09:41.703,2026-04-18 08:26:41.703,4,257,177,80,True,False,False,False,False,False,
AI089,AI,12,20260418,2026-04-18 04:05:41.702,2026-04-18 04:47:41.702,4,42,174,-132,False,True,False,False,False,False,
UK226,UK,30,20260418,2026-04-18 03:58:41.704,2026-04-18 05:01:41.704,3,63,164,-101,False,True,False,False,False,False,
SJ123,SJ,7,20260418,2026-04-18 03:57:41.702,2026-04-18 05:25:41.702,3,88,170,-82,False,True,False,False,False,False,
AI054,AI,23,20260418,2026-04-18 03:44:41.701,2026-04-18 08:10:41.701,3,266,177,89,True,False,False,False,False,False,
UK019,UK,9,20260418,2026-04-18 03:41:41.701,2026-04-18 04:35:41.701,3,54,208,-154,False,True,False,False,False,False,
UK032,UK,1,20260418,2026-04-18 03:31:41.701,2026-04-18 07:28:41.701,3,237,140,97,True,False,True,False,False,True,severe_delay
SJ100,SJ,26,20260418,2026-04-18 03:28:41.702,2026-04-18 06:50:41.702,3,202,177,25,False,False,False,False,False,False,
SJ094,SJ,30,20260418,2026-04-18 03:23:41.702,2026-04-18 08:07:41.702,3,284,164,120,True,False,True,False,False,True,severe_delay
6F101,6F,10,20260418,2026-04-18 03:18:41.702,2026-04-18 08:15:41.702,3,297,180,117,True,False,True,False,True,True,severe_delay;duration_outlier
6F006,6F,6,20260418,2026-04-18 03:06:41.701,2026-04-18 05:06:42.000,3,120,170,-50,False,True,False,False,False,False,
AI006,AI,6,20260418,2026-04-18 03:04:41.701,2026-04-18 05:54:41.701,3,170,170,0,False,False,False,False,False,False,
AI195,AI,15,20260418,2026-04-18 02:58:41.703,2026-04-18 04:57:41.703,2,119,165,-46,False,True,False,False,False,False,
UK072,UK,6,20260418,2026-04-18 02:55:41.702,2026-04-18 05:55:42.000,2,180,170,10,False,False,False,False,False,False,
AI244,AI,1,20260418,2026-04-18 02:50:41.704,2026-04-18 03:25:41.704,2,35,140,-105,False,True,False,False,False,False,
SJ059,SJ,13,20260418,2026-04-18 02:50:41.701,2026-04-18 04:06:41.701,2,76,140,-64,False,True,False,False,False,False,
SJ009,SJ,11,20260418,2026-04-18 02:48:41.701,2026-04-18 04:23:41.701,2,95,167,-72,False,True,False,False,False,False,
AI121,AI,25,20260418,2026-04-18 02:42:41.702,2026-04-18 06:11:41.702,2,209,141,68,True,False,False,False,False,False,
6F265,6F,19,20260418,2026-04-18 02:27:41.703,2026-04-18 03:24:41.703,2,57,177,-120,False,True,False,False,False,False,
6F110,6F,24,20260418,2026-04-18 02:27:41.702,2026-04-18 05:48:41.702,2,201,196,5,False,False,False,False,False,False,
UK018,UK,7,20260418,2026-04-18 02:15:41.701,2026-04-18 04:08:41.701,2,113,170,-57,False,True,False,False,False,False,
6F072,6F,2,20260418,2026-04-18 02:14:41.702,2026-04-18 03:11:41.702,2,57,97,-40,False,True,False,False,False,False,
6F159,6F,12,20260418,2026-04-18 02:08:41.703,2026-04-18 02:43:41.703,2,35,174,-139,False,True,False,False,False,False,
6F095,6F,5,20260418,2026-04-18 01:53:41.702,2026-04-18 05:34:41.702,1,221,219,2,False,False,False,False,False,False,
SJ129,SJ,12,20260418,2026-04-18 01:48:41.702,2026-04-18 05:48:41.702,1,240,174,66,True,False,False,False,False,False,
UK039,UK,22,20260418,2026-04-18 01:40:41.701,2026-04-18 02:53:41.701,1,73,150,-77,False,True,False,False,False,False,
6F130,6F,19,20260418,2026-04-18 01:27:41.702,2026-04-18 02:45:41.702,1,78,177,-99,False,True,False,False,False,False,
6F247,6F,19,20260418,2026-04-18 01:27:41.702,2026-04-18 02:45:41.702,1,78,177,-99,False,True,False,False,False,False,
SJ233,SJ,19,20260418,2026-04-18 01:18:41.704,2026-04-18 02:56:41.704,1,98,177,-79,False,True,False,False,False,False,
6F231,6F,25,20260418,2026-04-18 01:16:41.704,2026-04-18 05:43:41.704,1,267,141,126,True,False,True,False,False,True,severe_delay
AI125,AI,13,20260418,2026-04-18 01:12:41.702,2026-04-18 04:51:41.702,1,219,140,79,True,False,False,False,False,False,
6F102,6F,25,20260418,2026-04-18 01:10:41.702,2026-04-18 02:24:41.702,1,74,141,-67,False,True,False,False,False,False,
UK078,UK,9,20260418,2026-04-18 01:03:41.702,2026-04-18 04:32:41.702,1,209,208,1,False,False,False,False,False,False,
UK043,UK,19,20260418,2026-04-18 00:48:41.701,2026-04-18 04:52:41.701,0,244,177,67,True,False,False,False,False,False,
AI144,AI,27,20260418,2026-04-18 00:43:41.702,2026-04-18 03:36:41.702,0,173,173,0,False,False,False,False,False,False,
UK054,UK,1,20260418,2026-04-18 00:37:41.701,2026-04-18 05:30:41.701,0,293,140,153,True,False,True,False,False,True,severe_delay
UK108,UK,16,20260418,2026-04-18 00:28:41.702,2026-04-18 03:46:41.702,0,198,191,7,False,False,False,False,False,False,
6F008,6F,17,20260418,2026-04-18 00:14:41.701,2026-04-18 04:59:41.701,0,285,176,109,True,False,True,False,False,True,severe_delay
6F106,6F,7,20260418,2026-04-18 00:10:41.702,2026-04-18 01:52:41.702,0,102,170,-68,False,True,False,False,False,False,
AI203,AI,7,20260418,2026-04-18 00:09:41.703,2026-04-18 02:56:41.703,0,167,170,-3,False,False,False,False,False,False,
AI065,AI,26,20260418,2026-04-18 00:09:41.701,2026-04-18 05:00:41.701,0,291,177,114,True,False,True,False,False,True,severe_delay
UK053,UK,1,20260417,2026-04-17 23:56:41.701,2026-04-18 02:46:41.701,23,170,140,30,False,False,False,True,False,True,overnight
UK086,UK,11,20260417,2026-04-17 23:55:41.702,2026-04-18 02:27:41.702,23,152,167,-15,False,False,False,True,False,True,overnight
SJ223,SJ,25,20260417,2026-04-17 23:54:41.703,2026-04-18 01:08:41.703,23,74,141,-67,False,True,False,True,False,True,overnight
6F069,6F,26,20260417,2026-04-17 23:44:41.701,2026-04-18 03:17:41.701,23,213,177,36,True,False,False,True,False,True,overnight
6F032,6F,17,20260417,2026-04-17 23:43:41.701,2026-04-18 02:22:41.701,23,159,176,-17,False,False,False,True,False,True,overnight
UK178,UK,16,20260417,2026-04-17 23:41:41.703,2026-04-18 04:09:41.703,23,268,191,77,True,False,False,True,False,True,overnight
6F108,6F,19,20260417,2026-04-17 23:41:41.702,2026-04-18 03:23:41.702,23,222,177,45,True,False,False,True,False,True,overnight
UK147,UK,13,20260417,2026-04-17 23:35:41.703,2026-04-18 02:55:41.703,23,200,140,60,True,False,False,True,False,True,overnight
AI187,AI,4,20260417,2026-04-17 23:32:41.703,2026-04-18 01:16:41.703,23,104,167,-63,False,True,False,True,False,True,overnight
UK213,UK,7,20260417,2026-04-17 23:21:41.704,2026-04-18 01:01:41.704,23,100,170,-70,False,True,False,True,False,True,overnight
AI035,AI,20,20260417,2026-04-17 23:17:41.701,2026-04-18 00:48:41.701,23,91,184,-93,False,True,False,True,False,True,overnight
UK186,UK,6,20260417,2026-04-17 23:05:41.703,2026-04-18 02:22:41.703,23,197,170,27,False,False,False,True,False,True,overnight
6F045,6F,9,20260417,2026-04-17 23:04:41.701,2026-04-18 03:38:41.701,23,274,208,66,True,False,False,True,False,True,overnight
UK025,UK,17,20260417,2026-04-17 22:55:41.701,2026-04-18 02:47:41.701,22,232,176,56,True,False,False,True,False,True,overnight
UK162,UK,7,20260417,2026-04-17 22:47:41.703,2026-04-18 00:21:41.703,22,94,170,-76,False,True,False,True,False,True,overnight
AI157,AI,2,20260417,2026-04-17 22:45:41.703,2026-04-18 01:33:41.703,22,168,97,71,True,False,False,True,False,True,overnight
6F096,6F,26,20260417,2026-04-17 22:45:41.702,2026-04-18 02:58:41.702,22,253,177,76,True,False,False,True,False,True,overnight
SJ229,SJ,13,20260417,2026-04-17 22:25:41.704,2026-04-18 00:27:41.704,22,122,140,-18,False,False,False,True,False,True,overnight
AI214,AI,13,20260417,2026-04-17 22:23:41.703,2026-04-18 02:49:41.703,22,266,140,126,True,False,True,True,False,True,severe_delay;overnight
6F205,6F,22,20260417,2026-04-17 22:16:41.703,2026-04-18 00:02:41.703,22,106,150,-44,False,True,False,True,False,True,overnight
SJ157,SJ,19,20260417,2026-04-17 22:11:41.703,2026-04-18 01:05:41.703,22,174,177,-3,False,False,False,True,False,True,overnight
UK114,UK,23,20260417,2026-04-17 22:10:41.702,2026-04-17 23:58:41.702,22,108,177,-69,False,True,False,False,False,False,
6F054,6F,21,20260417,2026-04-17 22:00:41.701,2026-04-18 01:25:41.701,22,205,136,69,True,False,False,True,False,True,overnight
6F216,6F,3,20260417,2026-04-17 21:58:41.704,2026-04-18 02:51:41.704,21,293,125,168,True,False,True,True,False,True,severe_delay;overnight
AI231,AI,19,20260417,2026-04-17 21:52:41.704,2026-04-17 23:51:41.704,21,119,177,-58,False,True,False,False,False,False,
UK103,UK,29,20260417,2026-04-17 21:52:41.702,2026-04-18 01:06:41.702,21,194,176,18,False,False,False,True,False,True,overnight
AI066,AI,25,20260417,2026-04-17 21:51:41.701,2026-04-18 00:11:41.701,21,140,141,-1,False,False,False,True,False,True,overnight
6F186,6F,22,20260417,2026-04-17 21:48:41.703,2026-04-18 02:02:41.703,21,254,150,104,True,False,True,True,False,True,severe_delay;overnight
AI021,AI,19,20260417,2026-04-17 21:39:41.701,2026-04-18 01:38:41.701,21,239,177,62,True,False,False,True,False,True,overnight
AI113,AI,14,20260417,2026-04-17 21:21:41.702,2026-04-17 23:51:41.702,21,150,150,0,False,False,False,False,False,False,
SJ031,SJ,17,20260417,2026-04-17 21:20:41.701,2026-04-17 22:29:41.701,21,69,176,-107,False,True,False,False,False,False,
UK217,UK,28,20260417,2026-04-17 21:19:41.704,2026-04-17 22:14:41.704,21,55,132,-77,False,True,False,False,False,False,
SJ120,SJ,26,20260417,2026-04-17 21:19:41.702,2026-04-18 00:56:41.702,21,217,177,40,True,False,False,True,False,True,overnight
UK180,UK,15,20260417,2026-04-17 21:18:41.703,2026-04-17 23:29:41.703,21,131,165,-34,False,True,False,False,False,False,
6F242,6F,5,20260417,2026-04-17 21:10:41.704,2026-04-18 01:04:41.704,21,234,219,15,False,False,False,True,False,True,overnight
UK080,UK,5,20260417,2026-04-17 21:09:41.702,2026-04-17 22:29:41.702,21,80,219,-139,False,True,False,False,False,False,
SJ124,SJ,24,20260417,2026-04-17 21:05:41.702,2026-04-18 01:12:41.702,21,247,196,51,True,False,False,True,False,True,overnight
SJ115,SJ,9,20260417,2026-04-17 21:05:41.702,2026-04-17 23:10:41.702,21,125,208,-83,False,True,False,False,False,False,
AI081,AI,12,20260417,2026-04-17 21:03:41.702,2026-04-17 22:51:41.702,21,108,174,-66,False,True,False,False,False,False,
AI142,AI,8,20260417,2026-04-17 20:49:41.702,2026-04-17 23:03:41.702,20,134,157,-23,False,False,False,False,False,False,
UK052,UK,2,20260417,2026-04-17 20:48:41.701,2026-04-17 21:40:41.701,20,52,97,-45,False,True,False,False,False,False,
UK014,UK,25,20260417,2026-04-17 20:41:41.701,2026-04-17 22:06:41.701,20,85,141,-56,False,True,False,False,False,False,
AI230,AI,11,20260417,2026-04-17 20:37:41.704,2026-04-18 00:22:41.704,20,225,167,58,True,False,False,True,False,True,overnight
6F268,6F,20,20260417,2026-04-17 20:29:41.701,2026-04-17 21:58:41.701,20,89,184,-95,False,True,False,False,False,False,
AI124,AI,14,20260417,2026-04-17 20:28:41.702,2026-04-18 00:00:41.702,20,212,150,62,True,False,False,True,False,True,overnight
6F082,6F,6,20260417,2026-04-17 20:26:41.702,2026-04-17 22:26:41.702,20,120,170,-50,False,True,False,False,False,False,
SJ035,SJ,13,20260417,2026-04-17 20:15:41.701,2026-04-17 21:15:42.000,20,60,140,-80,False,True,False,False,False,False,
SJ095,SJ,20,20260417,2026-04-17 20:09:41.702,2026-04-17 23:13:41.702,20,184,184,0,False,False,False,False,False,False,
UK230,UK,1,20260417,2026-04-17 20:02:41.704,2026-04-17 21:35:41.704,20,93,140,-47,False,True,False,False,False,False,
UK171,UK,23,20260417,2026-04-17 19:59:41.703,2026-04-17 22:53:41.703,19,174,177,-3,False,False,False,False,False,False,
6F147,6F,25,20260417,2026-04-17 19:57:41.703,2026-04-18 00:31:41.703,19,274,141,133,True,False,True,True,False,True,severe_delay;overnight
SJ212,SJ,26,20260417,2026-04-17 19:49:41.703,2026-04-17 21:44:41.703,19,115,177,-62,False,True,False,False,False,False,
6F080,6F,25,20260417,2026-04-17 19:47:41.702,2026-04-17 23:13:41.702,19,206,141,65,True,False,False,False,False,False,
UK049,UK,22,20260417,2026-04-17 19:47:41.701,2026-04-17 20:32:41.701,19,45,150,-105,False,True,False,False,False,False,
AI152,AI,2,20260417,2026-04-17 19:21:41.703,2026-04-17 20:26:41.703,19,65,97,-32,False,True,False,False,False,False,
AI162,AI,29,20260417,2026-04-17 19:20:41.703,2026-04-17 22:40:41.703,19,200,176,24,False,False,False,False,False,False,
SJ037,SJ,1,20260417,2026-04-17 19:14:41.701,2026-04-17 22:31:41.701,19,197,140,57,True,False,False,False,False,False,
AI172,AI,7,20260417,2026-04-17 19:08:41.703,2026-04-17 19:53:41.703,19,45,170,-125,False,True,False,False,False,False,
UK205,UK,25,20260417,2026-04-17 18:57:41.703,2026-04-17 21:46:41.703,18,169,141,28,False,False,False,False,False,False,
AI199,AI,24,20260417,2026-04-17 18:47:41.703,2026-04-17 22:26:41.703,18,219,196,23,False,False,False,False,False,False,
6F241,6F,19,20260417,2026-04-17 18:27:41.704,2026-04-17 19:02:41.704,18,35,177,-142,False,True,False,False,False,False,
SJ041,SJ,14,20260417,2026-04-17 18:24:41.701,2026-04-17 22:59:41.701,18,275,150,125,True,False,True,False,False,True,severe_delay
AI064,AI,5,20260417,2026-04-17 18:24:41.701,2026-04-17 20:07:41.701,18,103,219,-116,False,True,False,False,False,False,
UK169,UK,24,20260417,2026-04-17 18:12:41.703,2026-04-17 23:01:41.703,18,289,196,93,True,False,True,False,False,True,severe_delay
UK144,UK,7,20260417,2026-04-17 18:07:41.703,2026-04-17 20:59:41.703,18,172,170,2,False,False,False,False,False,False,
AI118,AI,25,20260417,2026-04-17 17:50:41.702,2026-04-17 19:59:41.702,17,129,141,-12,False,False,False,False,False,False,
SJ145,SJ,4,20260417,2026-04-17 17:41:41.702,2026-04-17 20:38:41.702,17,177,167,10,False,False,False,False,False,False,
SJ077,SJ,5,20260417,2026-04-17 17:32:41.701,2026-04-17 19:40:41.701,17,128,219,-91,False,True,False,False,False,False,
AI126,AI,30,20260417,2026-04-17 17:26:41.702,2026-04-17 20:48:41.702,17,202,164,38,True,False,False,False,False,False,
SJ033,SJ,24,20260417,2026-04-17 17:26:41.701,2026-04-17 18:51:41.701,17,85,196,-111,False,True,False,False,False,False,
SJ180,SJ,23,20260417,2026-04-17 17:12:41.703,2026-04-17 22:00:41.703,17,288,177,111,True,False,True,False,False,True,severe_delay
6F183,6F,30,20260417,2026-04-17 17:08:41.703,2026-04-17 19:52:41.703,17,164,164,0,False,False,False,False,False,False,
AI145,AI,17,20260417,2026-04-17 17:06:41.702,2026-04-17 21:31:41.702,17,265,176,89,True,False,False,False,False,False,
6F089,6F,19,20260417,2026-04-17 17:06:41.702,2026-04-17 19:10:41.702,17,124,177,-53,False,True,False,False,False,False,
6F207,6F,9,20260417,2026-04-17 16:59:41.703,2026-04-17 21:00:41.703,16,241,208,33,True,False,False,False,False,False,
AI229,AI,25,20260417,2026-04-17 16:48:41.703,2026-04-17 18:40:41.703,16,112,141,-29,False,False,False,False,False,False,
6F223,6F,26,20260417,2026-04-17 16:47:41.704,2026-04-17 17:21:41.704,16,34,177,-143,False,True,False,False,True,True,duration_outlier
6F116,6F,28,20260417,2026-04-17 16:43:41.702,2026-04-17 19:02:41.702,16,139,132,7,False,False,False,False,False,False,
SJ240,SJ,9,20260417,2026-04-17 16:42:41.704,2026-04-17 20:21:41.704,16,219,208,11,False,False,False,False,False,False,
SJ184,SJ,13,20260417,2026-04-17 16:32:41.703,2026-04-17 21:00:41.703,16,268,140,128,True,False,True,False,False,True,severe_delay
AI087,AI,29,20260417,2026-04-17 16:32:41.702,2026-04-17 20:30:41.702,16,238,176,62,True,False,False,False,False,False,
UK148,UK,22,20260417,2026-04-17 16:31:41.703,2026-04-17 18:43:41.703,16,132,150,-18,False,False,False,False,False,False,
AI210,AI,1,20260417,2026-04-17 16:13:41.703,2026-04-17 18:50:41.703,16,157,140,17,False,False,False,False,False,False,
6F093,6F,13,20260417,2026-04-17 16:09:41.702,2026-04-17 20:00:41.702,16,231,140,91,True,False,True,False,False,True,severe_delay
SJ080,SJ,15,20260417,2026-04-17 16:04:41.702,2026-04-17 17:59:41.702,16,115,165,-50,False,True,False,False,False,False,
SJ005,SJ,20,20260417,2026-04-17 16:03:41.701,2026-04-17 17:24:41.701,16,81,184,-103,False,True,False,False,False,False,
6F040,6F,23,20260417,2026-04-17 15:52:41.701,2026-04-17 20:33:41.701,15,281,177,104,True,False,True,False,False,True,severe_delay
AI212,AI,18,20260417,2026-04-17 15:31:41.703,2026-04-17 20:13:41.703,15,282,144,138,True,False,True,False,False,True,severe_delay
AI154,AI,25,20260417,2026-04-17 15:25:41.703,2026-04-17 19:16:41.703,15,231,141,90,True,False,False,False,False,False,
6F239,6F,12,20260417,2026-04-17 15:24:41.704,2026-04-17 17:37:41.704,15,133,174,-41,False,True,False,False,False,False,
UK199,UK,7,20260417,2026-04-17 15:24:41.703,2026-04-17 18:55:41.703,15,211,170,41,True,False,False,False,False,False,
6F218,6F,1,20260417,2026-04-17 15:16:41.704,2026-04-17 19:03:41.704,15,227,140,87,True,False,False,False,False,False,
6F011,6F,26,20260417,2026-04-17 15:16:41.701,2026-04-17 17:16:42.000,15,120,177,-57,False,True,False,False,False,False,
UK106,UK,7,20260417,2026-04-17 15:12:41.702,2026-04-17 17:23:41.702,15,131,170,-39,False,True,False,False,False,False,
UK030,UK,13,20260417,2026-04-17 15:11:41.701,2026-04-17 19:38:41.701,15,267,140,127,True,False,True,False,False,True,severe_delay
6F090,6F,21,20260417,2026-04-17 15:10:41.702,2026-04-17 19:22:41.702,15,252,136,116,True,False,True,False,False,True,severe_delay
AI184,AI,7,20260417,2026-04-17 15:03:41.703,2026-04-17 17:03:42.000,15,120,170,-50,False,True,False,False,False,False,
SJ232,SJ,26,20260417,2026-04-17 15:02:41.704,2026-04-17 19:22:41.704,15,260,177,83,True,False,False,False,False,False,
AI153,AI,7,20260417,2026-04-17 15:02:41.703,2026-04-17 16:30:41.703,15,88,170,-82,False,True,False,False,False,False,
UK101,UK,19,20260417,2026-04-17 15:00:41.702,2026-04-17 17:43:41.702,15,163,177,-14,False,False,False,False,False,False,
6F200,6F,24,20260417,2026-04-17 14:54:41.703,2026-04-17 19:41:41.703,14,287,196,91,True,False,True,False,False,True,severe_delay
6F162,6F,12,20260417,2026-04-17 14:50:41.703,2026-04-17 17:44:41.703,14,174,174,0,False,False,False,False,False,False,
SJ197,SJ,21,20260417,2026-04-17 14:49:41.703,2026-04-17 17:33:41.703,14,164,136,28,False,False,False,False,False,False,
AI174,AI,18,20260417,2026-04-17 14:45:41.703,2026-04-17 17:01:41.703,14,136,144,-8,False,False,False,False,False,False,
UK090,UK,25,20260417,2026-04-17 14:44:41.702,2026-04-17 17:24:41.702,14,160,141,19,False,False,False,False,False,False,
UK124,UK,26,20260417,2026-04-17 14:35:41.702,2026-04-17 17:09:41.702,14,154,177,-23,False,False,False,False,False,False,
AI239,AI,9,20260417,2026-04-17 14:33:41.704,2026-04-17 17:47:41.704,14,194,208,-14,False,False,False,False,False,False,
UK002,UK,15,20260417,2026-04-17 14:28:41.700,2026-04-17 19:20:41.700,14,292,165,127,True,False,True,False,False,True,severe_delay
SJ055,SJ,25,20260417,2026-04-17 14:17:41.701,2026-04-17 17:56:41.701,14,219,141,78,True,False,False,False,False,False,
UK132,UK,8,20260417,2026-04-17 14:12:41.702,2026-04-17 16:19:41.702,14,127,157,-30,False,False,False,False,False,False,
6F002,6F,5,20260417,2026-04-17 14:11:41.700,2026-04-17 17:34:41.700,14,203,219,-16,False,False,False,False,False,False,
UK005,UK,10,20260417,2026-04-17 14:02:41.701,2026-04-17 18:14:41.701,14,252,180,72,True,False,False,False,False,False,
6F258,6F,8,20260417,2026-04-17 13:54:41.703,2026-04-17 16:49:41.703,13,175,157,18,False,False,False,False,False,False,
SJ244,SJ,3,20260417,2026-04-17 13:51:41.704,2026-04-17 15:39:41.704,13,108,125,-17,False,False,False,False,False,False,
AI075,AI,13,20260417,2026-04-17 13:51:41.702,2026-04-17 16:49:41.702,13,178,140,38,True,False,False,False,False,False,
AI160,AI,29,20260417,2026-04-17 13:41:41.703,2026-04-17 17:01:41.703,13,200,176,24,False,False,False,False,False,False,
UK091,UK,12,20260417,2026-04-17 13:37:41.702,2026-04-17 17:31:41.702,13,234,174,60,True,False,False,False,False,False,
UK195,UK,22,20260417,2026-04-17 13:35:41.703,2026-04-17 16:35:41.703,13,180,150,30,False,False,False,False,False,False,
6F044,6F,19,20260417,2026-04-17 13:25:41.701,2026-04-17 17:36:41.701,13,251,177,74,True,False,False,False,False,False,
6F248,6F,19,20260417,2026-04-17 13:25:41.701,2026-04-17 17:36:41.701,13,251,177,74,True,False,False,False,False,False,
6F204,6F,18,20260417,2026-04-17 13:23:41.703,2026-04-17 16:04:41.703,13,161,144,17,False,False,False,False,False,False,
SJ092,SJ,5,20260417,2026-04-17 13:19:41.702,2026-04-17 17:56:41.702,13,277,219,58,True,False,False,False,False,False,
AI119,AI,26,20260417,2026-04-17 13:15:41.702,2026-04-17 15:57:41.702,13,162,177,-15,False,False,False,False,False,False,
AI151,AI,30,20260417,2026-04-17 13:14:41.703,2026-04-17 14:10:41.703,13,56,164,-108,False,True,False,False,False,False,
UK107,UK,22,20260417,2026-04-17 13:09:41.702,2026-04-17 14:25:41.702,13,76,150,-74,False,True,False,False,False,False,
SJ019,SJ,3,20260417,2026-04-17 13:07:41.701,2026-04-17 15:56:41.701,13,169,125,44,True,False,False,False,False,False,
AI052,AI,15,20260417,2026-04-17 13:06:41.701,2026-04-17 15:42:41.701,13,156,165,-9,False,False,False,False,False,False,
SJ177,SJ,7,20260417,2026-04-17 13:04:41.703,2026-04-17 17:37:41.703,13,273,170,103,True,False,True,False,False,True,severe_delay
6F215,6F,16,20260417,2026-04-17 13:00:41.703,2026-04-17 17:30:41.703,13,270,191,79,True,False,False,False,False,False,
AI223,AI,7,20260417,2026-04-17 12:53:41.703,2026-04-17 14:42:41.703,12,109,170,-61,False,True,False,False,False,False,
SJ069,SJ,21,20260417,2026-04-17 12:53:41.701,2026-04-17 14:17:41.701,12,84,136,-52,False,True,False,False,False,False,
6F198,6F,21,20260417,2026-04-17 12:40:41.703,2026-04-17 17:39:41.703,12,299,136,163,True,False,True,False,True,True,severe_delay;duration_outlier
AI093,AI,6,20260417,2026-04-17 12:35:41.702,2026-04-17 17:28:41.702,12,293,170,123,True,False,True,False,False,True,severe_delay
UK062,UK,24,20260417,2026-04-17 12:33:41.701,2026-04-17 15:35:41.701,12,182,196,-14,False,False,False,False,False,False,
6F057,6F,29,20260417,2026-04-17 12:32:41.701,2026-04-17 15:50:41.701,12,198,176,22,False,False,False,False,False,False,
UK064,UK,8,20260417,2026-04-17 12:25:41.701,2026-04-17 14:55:41.701,12,150,157,-7,False,False,False,False,False,False,
